eps1,eps2,beta0,branch
0.5126187273541061,2.9352046429638596,200.0,forward
0.5233060724549486,2.779158957375694,200.0,forward
0.5343930113971604,2.624432771831722,200.0,forward
0.5428938345749994,2.5091535570757464,200.0,forward
0.5542872726694992,2.35626991281845,200.0,forward
0.5653747299253942,2.203895134058539,200.0,forward
0.5754485420751236,2.0512838801728934,200.0,forward
0.5832360115667864,1.8972647032487613,200.0,forward
0.5864259913742604,1.7401696464341974,200.0,forward
0.5809489783500912,1.5788688006588165,200.0,forward
0.5614982052041555,1.4181288010704785,200.0,forward
0.5264862721410919,1.2702184123594424,200.0,forward
0.48002596809635417,1.1411248394639877,200.0,forward
0.4267926085637561,1.0281196628998324,200.0,forward
0.36966869110307904,0.9267414520305199,200.0,forward
0.3102049271405871,0.833526249679457,200.0,forward
0.24925129024262363,0.7461262112937123,200.0,forward
0.19574106052636606,0.6740345980350955,200.0,forward
0.15780478719310626,0.6248813537468109,200.0,forward
0.13101362981116293,0.5909642812810688,200.0,forward
0.11261734503814616,0.5680079776729197,200.0,forward
0.1,0.5524065340581705,200.0,forward
0.08736432769222957,0.5368919519749897,200.0,backward
0.06887518958947632,0.5143756232530173,200.0,backward
0.041805684549359456,0.4817756037403896,200.0,backward
0.00317010220710887,0.4359179237330475,200.0,backward
0.0,0.43218719948936984,200.0,backward
NaN,NaN,NaN,
0.45154464963663243,2.91897412202741,220.0,forward
0.46131920377069413,2.7663583714093276,220.0,forward
0.47161807969911557,2.61558844449401,220.0,forward
0.48241019129474993,2.466639602053465,220.0,forward
0.4936130475737215,2.319398735942213,220.0,forward
0.4957488826341424,2.291945178143671,220.0,forward
0.5072099953950788,2.1463336967764173,220.0,forward
0.5184985639822594,2.0015189815379975,220.0,forward
0.5289221394651787,1.8565787349281127,220.0,forward
0.5371641860705385,1.7100009709265183,220.0,forward
0.5406547585623558,1.5593740852206879,220.0,forward
0.534406712781071,1.4024831302055945,220.0,forward
0.5117846053216489,1.2460506800253939,220.0,forward
0.47234795861958817,1.1059006827565803,220.0,forward
0.42218118226076823,0.985945710472231,220.0,forward
0.366284684245773,0.8812122845439924,220.0,forward
0.3072605820408215,0.7867363032648416,220.0,forward
0.24640332471281023,0.6991965438260439,220.0,forward
0.19423542504599006,0.6292746708044402,220.0,forward
0.15722230625458433,0.5817210820521354,220.0,forward
0.1310749557434381,0.5489466437560953,220.0,forward
0.11264316639866373,0.5261944136997242,220.0,forward
0.1,0.5107396171767484,220.0,forward
0.08733747214106269,0.49537648000097234,220.0,backward
0.06880763061121059,0.47308827394288033,220.0,backward
0.041676424015244795,0.44083248785488327,220.0,backward
0.0029504321576942385,0.3954785121076067,220.0,backward
0.0,0.39205300597742404,220.0,backward
NaN,NaN,NaN,
0.4145276536873873,2.8514561434207284,240.0,forward
0.4237004511655443,2.7026387013558786,240.0,forward
0.4334023035598917,2.5560217593735817,240.0,forward
0.4436279113806138,2.4116117076186274,240.0,forward
0.45434031385408363,2.269326775712847,240.0,forward
0.46544596501277813,2.1289679978920995,240.0,forward
0.4675599857208104,2.1028219460715634,240.0,forward
0.4788717197358134,1.964193852255338,240.0,forward
0.48990693942652436,1.8262458372259651,240.0,forward
0.49984192310316344,1.6877633882990104,240.0,forward
0.507042878999368,1.546715071037634,240.0,forward
0.5081229201683903,1.3997394870678046,240.0,forward
0.4963683339688583,1.2453184726466704,240.0,forward
0.4655724951257335,1.0970362750373963,240.0,forward
0.4195415163692682,0.9694780099791899,240.0,forward
0.3653321377265562,0.8605674288856062,240.0,forward
0.30698023548937925,0.7641797773381974,240.0,forward
0.24637392632924612,0.6759429817342514,240.0,forward
0.19426903277389312,0.6059351935241852,240.0,forward
0.15725766137295236,0.5584777391830139,240.0,forward
0.13109856638129888,0.5258207408499466,240.0,forward
0.11265398065093336,0.5031689826450538,240.0,forward
0.1,0.48778732880854375,240.0,forward
0.08732486655043199,0.4725052140757413,240.0,backward
0.06877638431349023,0.45034098241103543,240.0,backward
0.042315159606436996,0.41909874882217585,240.0,backward
0.004544523070634031,0.3751754206569534,240.0,backward
0.0,0.36993833065702864,240.0,backward
NaN,NaN,NaN,
0.3843935977082993,2.8744064570328796,260.0,forward
0.3928317800749513,2.7279407960497157,260.0,forward
0.40177193945395395,2.58389468949664,260.0,forward
0.41122647376116284,2.442314819701998,260.0,forward
0.4211913865147299,2.303180126527768,260.0,forward
0.43163372893901647,2.1663745789929836,260.0,forward
0.4424685289277643,2.031657741604023,260.0,forward
0.45075229476618744,1.9317219397545562,260.0,forward
0.4617509335552207,1.7994197886771692,260.0,forward
0.47214786455802826,1.6672282195097121,260.0,forward
0.48079227824773535,1.5334619043176374,260.0,forward
0.4852938336998293,1.395186394524676,260.0,forward
0.48042365793423064,1.248169740584905,260.0,forward
0.4577599554419322,1.0976664912652478,260.0,forward
0.4164024668855509,0.9637048220855035,260.0,forward
0.36412164444715095,0.8506562358676886,260.0,forward
0.3065368122275613,0.7522558279345064,260.0,forward
0.24623764027523365,0.663179258119923,260.0,forward
0.1942356552132602,0.5929424682770648,260.0,forward
0.15725270292757887,0.545471960489015,260.0,forward
0.13110018883713476,0.5128528790211481,260.0,forward
0.1126554857913295,0.4902448203467776,260.0,forward
0.1,0.47490205756847886,260.0,forward
0.08732280171266896,0.45965994119673814,260.0,backward
0.06876798838924084,0.437562048997135,260.0,backward
0.04229479224155836,0.4064251036915281,260.0,backward
0.004502927502724074,0.36266693237082254,260.0,backward
0.0,0.3575014030453879,260.0,backward
NaN,NaN,NaN,
0.3629683814262547,2.882019483184755,280.0,forward
0.37087618187407034,2.7379465750130514,280.0,forward
0.3792524089856602,2.59644028618535,280.0,forward
0.38811467247909487,2.4575602534602603,280.0,forward
0.3974705796873345,2.3213084650328977,280.0,forward
0.4073099662581078,2.187608682634633,280.0,forward
0.4175912915272415,2.056279015487486,280.0,forward
0.4282163467103667,1.9270008016891018,280.0,forward
0.4307387601827855,1.8969350882165077,280.0,forward
0.44149589630823427,1.7694085358948612,280.0,forward
0.45186623223773476,1.64229852070914,280.0,forward
0.46093310633924983,1.5141101837150306,280.0,forward
0.4668006480178245,1.382280700053385,280.0,forward
0.4652670257713649,1.242348959899616,280.0,forward
0.44797900752667424,1.094169204607809,280.0,forward
0.41043558849959816,0.956926967705359,280.0,forward
0.3597454046285859,0.8411530651268938,280.0,forward
0.3027540838413311,0.7414690458000109,280.0,forward
0.24267483392237632,0.6519407774652103,280.0,forward
0.19208673670607238,0.5834127410957242,280.0,forward
0.15608539155096407,0.537150494194957,280.0,forward
0.13061961431098507,0.5053793616743641,280.0,forward
0.11265658710131612,0.483365572454651,280.0,forward
0.1,0.468024605514598,280.0,forward
0.08731855349908124,0.45279689887761015,280.0,backward
0.06924315342549436,0.4312958213676191,280.0,backward
0.043452414053381565,0.4010032974899329,280.0,backward
0.006632511569206655,0.35843670918718556,280.0,backward
0.0,0.35084429498974706,280.0,backward
NaN,NaN,NaN,
0.34403876146292106,2.943071643134991,300.0,forward
0.35137173028352314,2.800284897246339,300.0,forward
0.35913273366471105,2.6601274170017977,300.0,forward
0.3673423055093315,2.5226765782670513,300.0,forward
0.3760156903612274,2.387963924231115,300.0,forward
0.38515854029131846,2.255960299414765,300.0,forward
0.39475956067422796,2.126557086092133,300.0,forward
0.40477758457579116,1.999541054973467,300.0,forward
0.4151175259854553,1.874565003333497,300.0,forward
0.4151796139208438,1.8738274922064406,300.0,forward
0.4256504549743815,1.7503317920244685,300.0,forward
0.4358714559403565,1.6274628832200269,300.0,forward
0.44509400446406056,1.503889176182238,300.0,forward
0.45178459676890254,1.377389502737249,300.0,forward
0.45258051057150095,1.2439195153596527,300.0,forward
0.440059895375596,1.1000130611282801,300.0,forward
0.4069318964139446,0.9603496037162292,300.0,forward
0.3583224295157832,0.8413378888116843,300.0,forward
0.3021654888836661,0.7398233481226283,300.0,forward
0.24243714971817487,0.6494257062036997,300.0,forward
0.19198504946389336,0.5805724563345108,300.0,forward
0.15603741105609642,0.5342012728295699,300.0,forward
0.1305964332127428,0.5023924605321983,300.0,forward
0.11264616852175297,0.4803665573717473,300.0,forward
0.1,0.4650291305175941,300.0,forward
0.08732860180429906,0.4498055494237002,300.0,backward
0.06925956608017331,0.4283123593846282,300.0,backward
0.04347472750779792,0.39804104641208504,300.0,backward
0.0066584577109978045,0.35551972371362855,300.0,backward
0.0,0.34790703675262535,300.0,backward
NaN,NaN,NaN,
0.33458241625864826,2.8868213197326584,320.0,forward
0.3417658818287406,2.7473328854889347,320.0,forward
0.3493579152147923,2.610572288370455,320.0,forward
0.35737696712066924,2.4765948000046865,320.0,forward
0.36583655950476063,2.3454086323304253,320.0,forward
0.37474135974825307,2.2169618075471873,320.0,forward
0.3840804728014975,2.091125620173734,320.0,forward
0.3938156753761688,1.9676723103064753,320.0,forward
0.4038596567025012,1.8462482130237825,320.0,forward
0.412767896801616,1.741235480279388,320.0,forward
0.42279148739064637,1.621926078320704,320.0,forward
0.43204528276376536,1.5022190094578827,320.0,forward
0.43928055846631375,1.3801947363189935,320.0,forward
0.4418123505443674,1.252401359188213,320.0,forward
0.43349011854417213,1.1139650311730922,320.0,forward
0.4054803105448724,0.9731420819904542,320.0,forward
0.3596823517401319,0.8502890394924049,320.0,forward
0.30471257003295893,0.7462278381398646,320.0,forward
0.24550862456219427,0.6544508752902525,320.0,forward
0.19393625275158483,0.5831884273452261,320.0,forward
0.15711921540368348,0.535385365368619,320.0,forward
0.13104180750696412,0.502657389674156,320.0,forward
0.11263507709019437,0.48001856848887636,320.0,forward
0.1,0.46467210933085046,320.0,forward
0.08733917418521281,0.449439275531671,320.0,backward
0.06880237795831093,0.4273732616756224,320.0,backward
0.04234492608205145,0.3963129910309263,320.0,backward
0.004560682726455239,0.352710817413937,320.0,backward
0.0,0.3475007023250066,320.0,backward
NaN,NaN,NaN,
0.32052217428256513,2.9786414528044376,340.0,forward
0.32720842101348474,2.839554310408073,340.0,forward
0.33426599856271955,2.7031808151866095,340.0,forward
0.3417138814364556,2.569591303792219,340.0,forward
0.34956852830535795,2.4388186527147147,340.0,forward
0.3578416830591175,2.3108486002267448,340.0,forward
0.3665367023081749,2.1856081853134732,340.0,forward
0.3756422925678803,2.062951084816752,340.0,forward
0.38512156458182667,1.9426375567307375,340.0,forward
0.39489190811039804,1.824309946223269,340.0,forward
0.4035546046044466,1.721979146574073,340.0,forward
0.4133114258678464,1.605727585805362,340.0,forward
0.4223601047784083,1.489127864824496,340.0,forward
0.42955862450261606,1.37038416635879,340.0,forward
0.43247758704982714,1.2463167569908415,340.0,forward
0.42554538137372994,1.111909361092957,340.0,forward
0.3997299780730228,0.9724169074398673,340.0,forward
0.3552816252774305,0.8486737741360458,340.0,forward
0.30086214772868586,0.74389122283757,340.0,forward
0.24188138937263165,0.6517998521307076,340.0,forward
0.1917338165067044,0.5822379878212376,340.0,forward
0.15591544533670126,0.5355834044559961,340.0,forward
0.13053903450018506,0.5036462301859284,340.0,forward
0.11262462346438507,0.4815566308255614,340.0,forward
0.1,0.46618571172349654,340.0,forward
0.0873475661054906,0.45093590760783814,340.0,backward
0.06930112759110119,0.4294167879427014,340.0,backward
0.043541800834470575,0.3991278558748874,340.0,backward
0.006751611927728682,0.3566114459678559,340.0,backward
0.0,0.3488920387807093,340.0,backward
NaN,NaN,NaN,
0.3141648723282153,2.949061757145218,360.0,forward
0.3207244740245034,2.812589754498881,360.0,forward
0.32763857549876646,2.678867905009715,360.0,forward
0.3349244462546688,2.5479489384918246,360.0,forward
0.3425970052422467,2.4198484959323348,360.0,forward
0.35066681829913315,2.2945367385449185,360.0,forward
0.3591367648103174,2.1719283282230157,360.0,forward
0.3679963843052562,2.0518696385157553,360.0,forward
0.377212067195173,1.9341211118181931,360.0,forward
0.3867091525602428,1.8183359658366773,360.0,forward
0.3951377841082469,1.7182327728379296,360.0,forward
0.4046631718014144,1.6045763919554716,360.0,forward
0.41358571265351207,1.4907150503088564,360.0,forward
0.42091395276500526,1.3750354928250361,360.0,forward
0.42457734692978805,1.254762027724155,360.0,forward
0.41988476101440186,1.1250797035807347,360.0,forward
0.3980148610153735,0.9871310182527949,360.0,forward
0.3564121502060533,0.8608212472708506,360.0,forward
0.3032838598151834,0.7537159086596903,360.0,forward
0.24488186987078978,0.660243049766233,360.0,forward
0.19364877845236453,0.5882127573236045,360.0,forward
0.15697788426059897,0.5400849049593894,360.0,forward
0.13097486790440113,0.5071997010498738,360.0,forward
0.1126102060414294,0.48447706772173005,360.0,forward
0.1,0.4690839576022594,360.0,forward
0.08736136773240548,0.453811484083245,360.0,backward
0.0688526324711593,0.43169930700505865,360.0,backward
0.04242794417349966,0.40059312963448906,360.0,backward
0.004679275073976515,0.35695666194618486,360.0,backward
0.0,0.35160480029643676,360.0,backward
NaN,NaN,NaN,
0.3093382509445622,2.917452766189865,380.0,forward
0.31580504362175976,2.783577615155609,380.0,forward
0.32261183275506444,2.65246784610646,380.0,forward
0.32977426421853795,2.524157876077218,380.0,forward
0.3373056619452425,2.398645554600608,380.0,forward
0.3452151182290428,2.2758848105448126,380.0,forward
0.3535043268485954,2.1557767930870497,380.0,forward
0.3621622406186202,2.038158400822896,380.0,forward
0.3711558612974563,1.9227862350642242,380.0,forward
0.38041354995447235,1.8093172506675905,380.0,forward
0.38921075881018385,1.7042257152543883,380.0,forward
0.39847466988149366,1.5928494315705917,380.0,forward
0.40713663271930145,1.4812317611090582,380.0,forward
0.4142466608039533,1.3678253753962137,380.0,forward
0.41784018836867953,1.250004014789608,380.0,forward
0.4135142941723155,1.1231656900269917,380.0,forward
0.3927367543787893,0.9872987242889938,380.0,forward
0.35211227857969735,0.8611023262180644,380.0,forward
0.2994477608573315,0.7536728998904763,380.0,forward
0.24125001448566932,0.660014777891477,380.0,forward
0.19143546440755735,0.5897226966530237,380.0,forward
0.15576573215284328,0.5427393109892652,380.0,forward
0.1304671058284206,0.5106336703758371,380.0,forward
0.11259762047633089,0.48844960448140595,380.0,forward
0.1,0.47302096237007357,380.0,forward
0.08737164126467133,0.45772130595809174,380.0,backward
0.06935639180371848,0.43614271790490106,380.0,backward
0.043634443768510424,0.40578759693544947,380.0,backward
0.006886483247909258,0.36320655591360823,380.0,backward
0.0,0.35531653552896625,380.0,backward
NaN,NaN,NaN,
0.3051493320015184,2.8963719054484844,400.0,forward
0.3115203457976404,2.7648094430675414,400.0,forward
0.3182173457431021,2.6360055765209904,400.0,forward
0.3252545796502837,2.5099794177273953,400.0,forward
0.33264402874441634,2.386714733152878,400.0,forward
0.34039359897478655,2.2661535013862446,400.0,forward
0.34850413834658484,2.148188067369054,400.0,forward
0.35696443973683367,2.032650849919022,400.0,forward
0.36574269338021487,1.9192997940855179,400.0,forward
0.37477113636885434,1.807800806691448,400.0,forward
0.38334877633792286,1.7045286704711977,400.0,forward
0.3923921148351685,1.5950992496310035,400.0,forward
0.40088877680352103,1.4855007490063177,400.0,forward
0.4079818313014365,1.3743115899287601,400.0,forward
0.4119283438808339,1.259175858122138,400.0,forward
0.4088987016177709,1.135907622943894,400.0,forward
0.39101179354305504,1.0025066699684415,400.0,forward
0.3530771568292645,0.874892562869667,400.0,forward
0.30176689926027184,0.7654224038985854,400.0,forward
0.24419159511661392,0.6704130850305684,400.0,forward
0.19332141505637498,0.5976154297477493,400.0,forward
0.1568129131886289,0.549132025078195,400.0,forward
0.1308953339489857,0.5160598264469385,400.0,forward
0.11258028715544767,0.49322994035233453,400.0,forward
0.1,0.4777732141101168,400.0,forward
0.0873884959191746,0.4624437163782008,400.0,backward
0.06891490404992084,0.4402592728686514,400.0,backward
0.04253270797416821,0.4090692249705771,400.0,backward
0.004832751159500799,0.36534397848443223,400.0,backward
0.0,0.35980136291025117,400.0,backward
NaN,NaN,NaN,
0.30141227341881904,2.8848480056325214,420.0,forward
0.30768375859718156,2.7553185546304606,420.0,forward
0.3142677595743479,2.6285254168217578,420.0,forward
0.32117732802825943,2.504475479945685,420.0,forward
0.32842333167338755,2.383141950676033,420.0,forward
0.3360127574792499,2.2644587019261406,420.0,forward
0.34394593289275766,2.1483133167875974,420.0,forward
0.3522119074231096,2.0345378683923574,420.0,forward
0.36078062313461273,1.9228958046280957,420.0,forward
0.36958897241846905,1.8130664097918094,420.0,forward
0.3704238946263549,1.802841983194016,420.0,forward
0.37935468182360466,1.694471182097316,420.0,forward
0.3881542709079718,1.5867765898718695,420.0,forward
0.39638280120830277,1.478842737959446,420.0,forward
0.40319636210792703,1.3692864249809387,420.0,forward
0.4068938154195831,1.255837184139051,420.0,forward
0.40377992533491813,1.1345010628566967,420.0,forward
0.3862617807888663,1.0030303313140938,420.0,forward
0.3489181065001411,0.8761314017263463,420.0,forward
0.2979652693442091,0.7666712640802847,420.0,forward
0.24056836632786902,0.6715989392600524,420.0,forward
0.191106114449307,0.600584746620977,420.0,forward
0.15559837992061262,0.5532516194048164,420.0,forward
0.1303865828222112,0.5209558131818807,420.0,forward
0.11256817751941421,0.4986598595476759,420.0,forward
0.1,0.4831573880044061,420.0,forward
0.08739771087536752,0.4677927407075789,420.0,backward
0.06941935763192732,0.44613497225997056,420.0,backward
0.04374259681022485,0.41568486369880625,420.0,backward
0.007047356252778989,0.37299769617236017,420.0,backward
0.0,0.36489647119726437,420.0,backward
NaN,NaN,NaN,
0.2979757088293302,2.8824192019098023,440.0,forward
0.3041428525926268,2.7546468771041925,440.0,forward
0.3106095614271606,2.629578195981614,440.0,forward
0.3173878728808229,2.507210794813755,440.0,forward
0.32448775259701035,2.3875105562070797,440.0,forward
0.33191552225399523,2.270406644040058,440.0,forward
0.3396713053700818,2.1557853419909656,440.0,forward
0.3477448197029584,2.0434818308808866,440.0,forward
0.356108313862982,1.9332684630382941,440.0,forward
0.3647041103195894,1.824841141138857,440.0,forward
0.3663345228353112,1.8046724336766042,440.0,forward
0.37505959624643065,1.6978046392911565,440.0,forward
0.38365693082584845,1.5916011657668472,440.0,forward
0.39171507255487065,1.4851985753092696,440.0,forward
0.39845448348559787,1.377308304197547,440.0,forward
0.4023274426259927,1.2658550780135984,440.0,forward
0.40003689233010437,1.1472177213204553,440.0,forward
0.3846550329631122,1.0182752435840188,440.0,forward
0.3497607929346286,0.8908088474989235,440.0,forward
0.30019346778828254,0.7795991056805699,440.0,forward
0.24345556943152963,0.6832210392048573,440.0,forward
0.19296511288062618,0.6096753104296366,440.0,forward
0.1566308787302634,0.5608225795225044,440.0,forward
0.13080674424274336,0.5275467389656895,440.0,forward
0.11254673440220685,0.5045957520834998,440.0,forward
0.1,0.4890650732072605,440.0,forward
0.08741911658181166,0.47366809790172537,440.0,backward
0.06898564528644129,0.4513953271794131,440.0,backward
0.042652709853475385,0.4200978078149583,440.0,backward
0.005010477769841426,0.37624969141845294,440.0,backward
0.0,0.3704816553150916,440.0,backward
NaN,NaN,NaN,
0.29478815573474343,2.887386395872422,460.0,forward
0.3008485056489037,2.761131501665347,460.0,forward
0.3071960837075079,2.637541171737134,460.0,forward
0.31384206029873335,2.516606211950921,460.0,forward
0.3207956627615441,2.398287694031213,460.0,forward
0.32806273275586706,2.2825125866235125,460.0,forward
0.3356434022489024,2.1691682999733897,460.0,forward
0.3435283009061879,2.0580953782466533,460.0,forward
0.351692254906912,1.949077083068849,460.0,forward
0.36008328690216396,1.8418275665761596,460.0,forward
0.363271178123297,1.8019842367729684,460.0,forward
0.3718023589344278,1.6964995706103496,460.0,forward
0.3801898114698039,1.5916238803009701,460.0,forward
0.38803198752881335,1.486522666738814,460.0,forward
0.3945758379881868,1.3799602538478954,460.0,forward
0.39834306046231893,1.269970078941024,460.0,forward
0.3962299836527065,1.153166070554739,460.0,forward
0.3817242445588601,1.0262316996681737,460.0,forward
0.3481249366524095,0.8991822796593189,460.0,forward
0.2993915258972104,0.7873071629099418,460.0,forward
0.2430736072809107,0.6903052003151032,460.0,forward
0.1927780873486952,0.6163950985799856,460.0,forward
0.15653466161535648,0.5673553280550495,460.0,forward
0.1307597091866489,0.5339736899516485,460.0,forward
0.11252886792792535,0.5109586576248575,460.0,forward
0.1,0.49538838516585515,460.0,forward
0.0874354870299151,0.47995489341312103,460.0,backward
0.06902356391703271,0.45763372243427325,460.0,backward
0.042717261420460576,0.4262761963511537,460.0,backward
0.005106523884652299,0.38235753120352695,460.0,backward
0.0,0.37646630109972273,460.0,backward
NaN,NaN,NaN,
0.292405415289915,2.8855673084553595,480.0,forward
0.29838581260702873,2.760889627058705,480.0,forward
0.3046428692655996,2.6388334582004793,480.0,forward
0.3111868670400668,2.51938203194886,480.0,forward
0.3180261731274694,2.4024904895008743,480.0,forward
0.3251658621431716,2.2880819533552055,480.0,forward
0.33260551345025713,2.1760425652171564,480.0,forward
0.34033564585473985,2.0662147875685664,480.0,forward
0.3483318448339376,1.95838782955146,480.0,forward
0.3565445716224093,1.852287280470051,480.0,forward
0.3606412436478975,1.8005861406542218,480.0,forward
0.36898795289378933,1.696330529322725,480.0,forward
0.37717335176414135,1.5926280192703135,480.0,forward
0.38480324664967813,1.4886698191986512,480.0,forward
0.39114564201803564,1.383266646246775,480.0,forward
0.39477909465737193,1.274545952014275,480.0,forward
0.3927604870719813,1.159328618068794,480.0,forward
0.3789487871858072,1.034232510590161,480.0,forward
0.3465087268967973,0.9077456800405532,480.0,forward
0.2985815480743006,0.79532359965647,480.0,forward
0.24268345770209687,0.6977357948182705,480.0,forward
0.1925858257916444,0.6234683014583399,480.0,forward
0.1564353886952389,0.5742408006017784,480.0,forward
0.130711069808821,0.5407514784959159,480.0,forward
0.11251036464225382,0.5176706490579419,480.0,forward
0.1,0.5020594359067185,480.0,forward
0.08745247091877476,0.4865880079520966,480.0,backward
0.06906295506141644,0.4642162381109642,480.0,backward
0.04278443312865654,0.43279542500835394,480.0,backward
0.005206682834125729,0.3888014185735682,480.0,backward
0.0,0.38278087163090485,480.0,backward
NaN,NaN,NaN,
0.289525211940348,2.9033323490550216,500.0,forward
0.29539417528254674,2.7797484361823717,500.0,forward
0.30152856247704124,2.658741038546358,500.0,forward
0.3079380285774221,2.5402904726601268,500.0,forward
0.3146304736750744,2.424350981701864,500.0,forward
0.3216108022480864,2.310847269785384,500.0,forward
0.3288789581357234,2.19967012127227,500.0,forward
0.33642677553714323,2.0906704977395516,500.0,forward
0.34423284899677026,1.9836511434527149,500.0,forward
0.35225375830506483,1.878357341777445,500.0,forward
0.3583650269495323,1.8003142714335294,500.0,forward
0.36653542189901267,1.6971535329553213,500.0,forward
0.3745258476396382,1.594490642170737,500.0,forward
0.3819475369468111,1.4915398884615998,500.0,forward
0.388085418178633,1.3871531886567987,500.0,forward
0.3915653373604962,1.2795404578544145,500.0,forward
0.3895795957519137,1.1657053940388047,500.0,forward
0.3763178595517822,1.0422815201074638,500.0,forward
0.34491421618841805,0.9164562270653599,500.0,forward
0.29776469685839135,0.8035923974385688,500.0,forward
0.2422857277359116,0.7054548569443146,500.0,forward
0.19238869771415607,0.6308371032070251,500.0,forward
0.15633328374196837,0.581421633421309,500.0,forward
0.13066094817540302,0.5478231463763297,500.0,forward
0.11249127463108871,0.5246750815227851,500.0,forward
0.1,0.509021815209125,500.0,forward
0.08747002103456691,0.49351124844182875,500.0,backward
0.06910369969730609,0.4710870190153631,500.0,backward
0.04285400402873301,0.43960012915101315,500.0,backward
0.00531059088593212,0.3955266889143262,500.0,backward
0.0,0.3893711571977781,500.0,backward
NaN,NaN,NaN,
0.2876768163481432,2.906163469764131,520.0,forward
0.2934747103057871,2.783910445450058,520.0,forward
0.29952892682019316,2.6641866072415716,520.0,forward
0.30584837632151257,2.5469669151801346,520.0,forward
0.31244022646267994,2.4322017143759114,520.0,forward
0.3193087094810235,2.319813572786133,520.0,forward
0.32645324772969875,2.2096932461943135,520.0,forward
0.33386547337536415,2.101694211599912,520.0,forward
0.34152441264853967,1.9956248867868727,520.0,forward
0.34938828626428,1.8912405833228223,520.0,forward
0.3563796534163816,1.801029055006291,520.0,forward
0.364380820106051,1.698845881107184,520.0,forward
0.37218264633624415,1.5971066631231376,520.0,forward
0.379400318673202,1.4950466052472478,520.0,forward
0.3853325124702467,1.3915546095666942,520.0,forward
0.3886449649298356,1.2849138283634232,520.0,forward
0.3866458717614664,1.172290423355666,520.0,forward
0.37381966545266937,1.0503834669996361,520.0,forward
0.34334256625513104,0.9252827385284466,520.0,forward
0.2969418926351529,0.8120698657157072,520.0,forward
0.24188089755191713,0.7134166893001133,520.0,forward
0.19218699259802258,0.6384558369801128,520.0,forward
0.15622852136634063,0.5888524977373119,520.0,forward
0.13060943902645292,0.5551436798964893,520.0,forward
0.11247163631978668,0.5319271853807852,520.0,forward
0.1,0.5162309226904257,520.0,forward
0.08748809749848643,0.5006801994046385,520.0,backward
0.06914570117852462,0.4782019188731903,520.0,backward
0.04292579714015237,0.44664655111133844,520.0,backward
0.005417958347310682,0.4024901394290203,520.0,backward
0.0,0.39619430827376095,520.0,backward
NaN,NaN,NaN,
0.28577935577296226,2.916366215585708,540.0,forward
0.2914985800516567,2.7952247714593903,540.0,forward
0.2974652080329748,2.676564967461242,540.0,forward
0.3036875209582683,2.560358331572482,540.0,forward
0.31017210657227223,2.4465532645736427,540.0,forward
0.3169227325817434,2.335072162535241,540.0,forward
0.3239385901664319,2.225807724824714,540.0,forward
0.33121152427843314,2.11861794328159,540.0,forward
0.33872159704701454,2.0133189844122907,540.0,forward
0.34642956732917146,1.9096784066460273,540.0,forward
0.3467951211831127,1.904850949282219,540.0,forward
0.3546349546946626,1.8026113429367754,540.0,forward
0.3624730755155585,1.7013027965582934,540.0,forward
0.37009203498095583,1.6003861397562877,540.0,forward
0.37710984041271944,1.4991156850379816,540.0,forward
0.3828364458882037,1.3964138559288355,540.0,forward
0.3859716902953349,1.290629563359926,540.0,forward
0.38392429286152,1.179074349955244,540.0,forward
0.3714423068053571,1.058542539383106,540.0,forward
0.3417942654253064,0.9342023316060271,540.0,forward
0.2961138729020441,0.8207215344756873,540.0,forward
0.2414693548415944,0.7215848241010865,540.0,forward
0.1919809421557714,0.6462879886858351,540.0,forward
0.1561212414957189,0.5964971354069908,540.0,forward
0.13055661881600314,0.5626770690717382,540.0,forward
0.11245148899357424,0.5393910902953954,540.0,forward
0.1,0.5236504984038384,540.0,forward
0.08750652367233541,0.5080590825948138,540.0,backward
0.0691887302062516,0.48552543282335225,540.0,backward
0.04299951850364619,0.45389950057346495,540.0,backward
0.005528400625336088,0.4096570284506404,540.0,backward
0.0,0.4032160358078567,540.0,backward
NaN,NaN,NaN,
0.2838970632358682,2.9316566540510367,560.0,forward
0.289534433612541,2.811461581758388,560.0,forward
0.295410622372468,2.6937012597612986,560.0,forward
0.3015333673747907,2.57834507548165,560.0,forward
0.30790878127606824,2.4653407353714503,560.0,forward
0.31454029814068407,2.3546116484797346,560.0,forward
0.3214270442008818,2.246053559753528,560.0,forward
0.328561290319422,2.1395299827411303,560.0,forward
0.33592440759251363,2.034865734941409,560.0,forward
0.343480055377105,1.931841158699387,560.0,forward
0.34538898710135857,1.9063540866505595,560.0,forward
0.3530904984582735,1.804959101004635,560.0,forward
0.3607709948247498,1.7044345337065756,560.0,forward
0.36821225234737565,1.6042518903208136,560.0,forward
0.3750342232632771,1.5036830697492545,560.0,forward
0.3805562077099009,1.4016811376627727,560.0,forward
0.3835075679894154,1.2966546204052756,560.0,forward
0.3813852957436577,1.1860460807809585,560.0,forward
0.3691743138982085,1.0667618015080012,560.0,forward
0.34026929198578265,0.9431980471713258,560.0,forward
0.29528122067123486,0.8295198956565898,560.0,forward
0.24105140212197831,0.7299298119343576,560.0,forward
0.19177071801119694,0.6543040164298722,560.0,forward
0.15601154106120754,0.6043262018237707,560.0,forward
0.1305025336705811,0.5703941684064505,560.0,forward
0.11243082634254206,0.5470379278641428,560.0,forward
0.1,0.531252968860773,560.0,forward
0.08752560862737237,0.515619711918318,560.0,backward
0.06923307673057136,0.4930294224024444,560.0,backward
0.04307540868619152,0.46133108554083135,560.0,backward
0.005642088175920446,0.41699981749799814,560.0,backward
0.0,0.41040859782773237,560.0,backward
NaN,NaN,NaN,
0.28208446833723577,2.950117214020766,580.0,forward
0.28764022258278454,2.8307488069078115,580.0,forward
0.29342663791918305,2.7137692624917507,580.0,forward
0.2994509694163594,2.599146636828557,580.0,forward
0.3057189203675884,2.486828667423594,580.0,forward
0.312233661210475,2.3767403908229077,580.0,forward
0.31899432417908546,2.2687810730307425,580.0,forward
0.32599366901368265,2.16282005232568,580.0,forward
0.333214409885145,2.0586908807961066,580.0,forward
0.34062307250455254,1.9561863764937704,580.0,forward
0.34414562688502626,1.9086181785173304,580.0,forward
0.3517133965921746,1.8079847716137352,580.0,forward
0.35924104916212407,1.7081640832474472,580.0,forward
0.36650927329000477,1.608637601607131,580.0,forward
0.3731392881001984,1.5086935188242079,580.0,forward
0.37845821815836833,1.4073131252937783,580.0,forward
0.38122129710475866,1.3029594552831179,580.0,forward
0.3790039154489287,1.1931939620801186,580.0,forward
0.36700496212475825,1.0750432406504509,580.0,forward
0.3387672933960204,0.9522573262232654,580.0,forward
0.2944444511431371,0.8384428943886414,580.0,forward
0.2406273352261369,0.7384277263501056,580.0,forward
0.19155650673254485,0.662479866685815,580.0,forward
0.15589954623083147,0.6123157940472348,580.0,forward
0.13044726904611223,0.5782712344091128,580.0,forward
0.11240970963504318,0.5548440552340395,580.0,forward
0.1,0.5390144296706199,580.0,forward
0.08754520916220815,0.5233384284084155,580.0,backward
0.06927856415355182,0.5006904007569707,580.0,backward
0.04315324934520069,0.4689180289146941,580.0,backward
0.00575874385833005,0.4244955283916613,580.0,backward
0.0,0.417749326642223,580.0,backward
NaN,NaN,NaN,
0.28007775481777797,2.9770419169480924,600.0,forward
0.2855421065621668,2.8582825669314698,600.0,forward
0.2912290210736848,2.741868612905585,600.0,forward
0.2971453758853268,2.627768274611484,600.0,forward
0.3032966075790006,2.5159308206821738,600.0,forward
0.30968581878483276,2.4062844197700937,600.0,forward
0.31631241923300424,2.298733378702157,600.0,forward
0.32317003689083856,2.1931544195082138,600.0,forward
0.33024326227673606,2.0893914671092664,600.0,forward
0.3375022758118104,1.9872510896077706,600.0,forward
0.34303864852569593,1.911558646160581,600.0,forward
0.35047668561736833,1.811612892588504,600.0,forward
0.3578557348926468,1.7124250727777648,600.0,forward
0.3649551635855139,1.6134860519655176,600.0,forward
0.3713969335760394,1.5140992082348859,600.0,forward
0.3765147913227192,1.4132720083280637,600.0,forward
0.37908690648028986,1.3095177003272125,600.0,forward
0.37675902843249864,1.2005063153696696,600.0,forward
0.3649243917341527,1.0833877630888658,600.0,forward
0.33728765672478883,0.9613707193587876,600.0,forward
0.29360398652155467,0.8474726294363333,600.0,forward
0.24019740074377827,0.747058891397265,600.0,forward
0.1913384600067796,0.6707957215055543,600.0,forward
0.15578535840359892,0.6204462128410068,600.0,forward
0.13039089272393373,0.5862886980729412,600.0,forward
0.11238820435351027,0.5627898439720802,600.0,forward
0.1,0.5469137580875382,600.0,forward
0.08756486636610987,0.5311951398193142,600.0,backward
0.06932468838852794,0.5084885683892905,600.0,backward
0.0432325003719798,0.4766407119851578,600.0,backward
0.005877777589296218,0.432124798510362,600.0,backward
0.0,0.4252195348511218,600.0,backward
NaN,NaN,NaN,
0.2786942547824012,2.9936409790387537,620.0,forward
0.2840913483858246,2.875647430945765,620.0,forward
0.2897040731484147,2.7599548026070213,620.0,forward
0.2955388551261744,2.6465300645844807,620.0,forward
0.30160071425936136,2.53532231296494,620.0,forward
0.30789241690937413,2.426260781789487,620.0,forward
0.3144131954666603,2.319252283385453,620.0,forward
0.321156794689106,2.2141777611553324,620.0,forward
0.32810845006255424,2.1108874799239885,620.0,forward
0.335239892888586,2.009197583688828,620.0,forward
0.34204628683880084,1.9151019698452703,620.0,forward
0.3493581217162492,1.8157778808768068,620.0,forward
0.3565923515129513,1.717159783106565,620.0,forward
0.3635268492628392,1.618747386710421,620.0,forward
0.36978391581290615,1.5198583002945123,620.0,forward
0.3747029661276471,1.419524415357085,620.0,forward
0.37708272896515543,1.3163055439378755,620.0,forward
0.37463269777753133,1.2079714588680577,620.0,forward
0.362923590204709,1.0917949917871705,620.0,forward
0.3358294761983416,0.9705306565490531,620.0,forward
0.29276001484290193,0.8565941053254758,620.0,forward
0.23976162233966652,0.7558066809320608,620.0,forward
0.19111650690454365,0.6792348306325027,620.0,forward
0.15566885949952808,0.6287008156389473,620.0,forward
0.13033325762714318,0.5944300336797996,620.0,forward
0.11236610690521559,0.5708591482235083,620.0,forward
0.1,0.5549378633379941,620.0,forward
0.08758549224038684,0.5391752708299968,620.0,backward
0.06937238110010176,0.5164091424404237,620.0,backward
0.043314072014735014,0.48448447690154994,620.0,backward
0.006000067232254971,0.4398731520271518,620.0,backward
0.0,0.4328036913864788,620.0,backward
NaN,NaN,NaN,
0.28278286775339917,2.8929482382848835,640.0,forward
0.2883260703604877,2.77793299682395,640.0,forward
0.2940844110711978,2.66514108903481,640.0,forward
0.30006250828623743,2.5545215427932284,640.0,forward
0.30626279316457444,2.4460046422025226,640.0,forward
0.31268429704872996,2.339499542683259,640.0,forward
0.3193208142422468,2.23489106256505,640.0,forward
0.3261580811777731,2.132035221764995,640.0,forward
0.3331691306249225,2.030756385323389,640.0,forward
0.33400058254124443,2.0189763604106052,640.0,forward
0.3411504116392737,1.9191848852647388,640.0,forward
0.3483391722944781,1.820423393691319,640.0,forward
0.35543198080439825,1.7223186951237754,640.0,forward
0.36220509261354134,1.6243788758432522,640.0,forward
0.3682808403809167,1.5259349465658365,640.0,forward
0.3730035536402997,1.4260417158711474,640.0,forward
0.3751905887395953,1.3233024307129733,640.0,forward
0.3726097002907914,1.2155789809393909,640.0,forward
0.36099455235163486,1.1002646010228765,640.0,forward
0.3343919583032002,0.9797319702756687,640.0,forward
0.2919129698501627,0.8657955587740844,640.0,forward
0.2393203383048965,0.7646577314049401,640.0,forward
0.1908909177411442,0.6877836610259516,640.0,forward
0.15555028694424125,0.6370661363963976,640.0,forward
0.13027457980436433,0.6026818599720031,640.0,forward
0.11234364913150276,0.5790384180342313,640.0,forward
0.1,0.5630706857047949,640.0,forward
0.0876062592113108,0.547264069951016,640.0,backward
0.06942076710279937,0.524437711364368,640.0,backward
0.0433970622118834,0.492435049877391,640.0,backward
0.006124674292340973,0.44772650764486127,640.0,backward
0.0,0.4404887930647274,640.0,backward
NaN,NaN,NaN,
0.2811405963284978,2.9200458459219907,660.0,forward
0.2866008469024406,2.8054793711778228,660.0,forward
0.29226929731018686,2.693096488557237,660.0,forward
0.2981503209644472,2.5828476761376074,660.0,forward
0.3042462376434874,2.47466584577329,660.0,forward
0.3105561989352919,2.368464162231828,660.0,forward
0.3170745123975681,2.264133121654068,660.0,forward
0.32378808949748195,2.1615365122785386,660.0,forward
0.33067227943063315,2.0605088899940203,660.0,forward
0.3332903450081841,2.0229820407583206,660.0,forward
0.3403358906933816,1.923751916011871,660.0,forward
0.34740436581880496,1.8255000168778333,660.0,forward
0.3543588236317445,1.7278583412137754,660.0,forward
0.3609738177384227,1.6303429361601531,660.0,forward
0.3668714820253248,1.5322974912716283,660.0,forward
0.3714004645532153,1.4327984236215354,660.0,forward
0.37339517000896694,1.3304897059967924,660.0,forward
0.37067702616523873,1.223318711034022,660.0,forward
0.3591300414238246,1.1087952700121733,660.0,forward
0.3329741012655103,0.9889702468944096,660.0,forward
0.29106304070536393,0.875066856767734,660.0,forward
0.23887363609026532,0.7736004629571019,660.0,forward
0.19066170552095726,0.6964304956792133,660.0,forward
0.1554296199524659,0.6455305272075869,660.0,forward
0.1302148186950533,0.6110326101586426,660.0,forward
0.11232076735803823,0.5873162283945202,660.0,forward
0.1,0.5713016748727531,660.0,forward
0.08762742541421151,0.5554506343803729,660.0,backward
0.06947010250468606,0.5325633615662849,660.0,backward
0.04348171090627592,0.500481615027741,660.0,backward
0.006251815088278836,0.4556741892080977,660.0,backward
0.0,0.4482638797097939,660.0,backward
NaN,NaN,NaN,
0.2792552458922402,2.9549248823957646,680.0,forward
0.28462356439199765,2.8406271353880825,680.0,forward
0.2901932343350162,2.72847720366939,680.0,forward
0.29596849331992314,2.6184280107241773,680.0,forward
0.301951697724383,2.5104160956124084,680.0,forward
0.3081423205865007,2.4043596462763883,680.0,forward
0.3145354568613897,2.300155881711703,680.0,forward
0.32111956689643834,2.197677458949025,680.0,forward
0.32787282434672044,2.0967703145293104,680.0,forward
0.33302759305131774,2.0220010163442783,680.0,forward
0.3399740706431648,1.9233410866511103,680.0,forward
0.34692173279358485,1.8255926314084656,680.0,forward
0.35372779034788043,1.7283874075799992,680.0,forward
0.36015869960678004,1.6312414632497199,680.0,forward
0.36582516274264365,1.5334990652651581,680.0,forward
0.3700595326662797,1.4342390665191822,680.0,forward
0.3716735377838473,1.3321145318917471,680.0,forward
0.36846254599233247,1.2251103697498504,680.0,forward
0.3563229853527059,1.1108907219318287,680.0,forward
0.32967198509549395,0.9917163546932795,680.0,forward
0.28756803539025666,0.8784609923030796,680.0,forward
0.23537352739561446,0.7773482188727014,680.0,forward
0.18846951660193229,0.7022136981904572,680.0,forward
0.15421294808106453,0.652548566502481,680.0,forward
0.12969740433088456,0.6188567627543015,680.0,forward
0.11229879761355056,0.5956845615696267,680.0,forward
0.1,0.5796185615930999,680.0,forward
0.08764697338819574,0.5637227152783684,680.0,backward
0.0699861620631371,0.5413609067411307,680.0,backward
0.04470673725744147,0.5100105441599575,680.0,backward
0.008488603107289027,0.4662192946666448,680.0,backward
0.0,0.45611965533253884,680.0,backward
NaN,NaN,NaN,
0.27817967004912103,2.974278539786012,700.0,forward
0.28348684209590186,2.860509722205115,700.0,forward
0.2889895557462664,2.748848835171091,700.0,forward
0.29469171545332434,2.639249092820092,700.0,forward
0.300595391116513,2.5316481743715533,700.0,forward
0.30669986386010323,2.4259663779470086,700.0,forward
0.3130002116821721,2.322104167242551,700.0,forward
0.3194851881693803,2.2199388158732227,700.0,forward
0.3261337825083544,2.1193229008076075,700.0,forward
0.3320586217964824,2.0324045169266958,700.0,forward
0.33890197819051865,1.9341507448335884,700.0,forward
0.3457371437133856,1.8367796639161953,700.0,forward
0.352423039618321,1.739933056651262,700.0,forward
0.35873068374014216,1.6431418247914267,700.0,forward
0.3642813561371141,1.5457731859548123,700.0,forward
0.3684310383550259,1.4469434812460649,700.0,forward
0.37004457312184746,1.3453713232617779,700.0,forward
0.3670397095691068,1.2391582816340214,700.0,forward
0.3555695599088017,1.1260333639558286,700.0,forward
0.3301934169373176,1.007544925217517,700.0,forward
0.2893553293116839,0.8937868976311859,700.0,forward
0.23796448014163685,0.791723535776859,700.0,forward
0.19019265070861002,0.7139801907222164,700.0,forward
0.15518212895599318,0.6627187450972456,700.0,forward
0.13009211018284186,0.6279933719747998,700.0,forward
0.11227375440318242,0.6041301839120123,700.0,forward
0.1,0.5880210980721359,700.0,forward
0.08767094545498555,0.572080112706113,700.0,backward
0.06957157392835647,0.5490691872739965,700.0,backward
0.04365588171691878,0.5168263448018383,700.0,backward
0.006513517749598806,0.47181663555826187,700.0,backward
0.0,0.4640481942340862,700.0,backward
NaN,NaN,NaN,
0.27720127474364487,2.9932960411843,720.0,forward
0.28245079647482424,2.8800293284763274,720.0,forward
0.2878903696081938,2.7688318319408918,720.0,forward
0.29352357525364403,2.6596570686005645,720.0,forward
0.29935219827887033,2.5524437934812743,720.0,forward
0.30537531486428543,2.4471142592639996,720.0,forward
0.3115879481837442,2.3435719074792383,720.0,forward
0.31797906462184755,2.2416982210209437,720.0,forward
0.3245283216840397,2.1413517294107653,720.0,forward
0.32483901469121124,2.1366779348423,720.0,forward
0.33151769774311957,2.0377325103978072,720.0,forward
0.3382627114794165,1.9399028462819325,720.0,forward
0.3449844023087688,1.8429118120667045,720.0,forward
0.35153964725756776,1.7464058192894267,720.0,forward
0.35769767678892683,1.6499227380541117,720.0,forward
0.3630792066040139,1.5528407733889769,720.0,forward
0.3670434195997365,1.4542948347563953,720.0,forward
0.3684689631088415,1.3530379677281408,720.0,forward
0.3653172891393967,1.247241703637517,720.0,forward
0.35386277129208726,1.1347371040315763,720.0,forward
0.3288286388463322,1.0168765256197585,720.0,forward
0.28849789054287156,0.9032227344016183,720.0,forward
0.23750225378538917,0.8008885283379047,720.0,forward
0.18995291091044292,0.7228674406795454,720.0,forward
0.15505535785235736,0.6714270508164701,720.0,forward
0.13002918972177796,0.6365879743172381,720.0,forward
0.11224963413173701,0.612651009425456,720.0,forward
0.1,0.5964942693245786,720.0,forward
0.08769328726335811,0.5805078366015815,720.0,backward
0.06962368317096235,0.5574342736071988,720.0,backward
0.043745356282553535,0.5251095633377095,720.0,backward
0.00664800225030014,0.47999665533655317,720.0,backward
0.0,0.4720426970185934,720.0,backward
NaN,NaN,NaN,
0.28063993817075805,2.9175566071058103,740.0,forward
0.28598922488101647,2.806468218590698,740.0,forward
0.2915261942454101,2.6973738173728266,740.0,forward
0.29725268938638866,2.5902155840438223,740.0,forward
0.3031680799178478,2.484920296851079,740.0,forward
0.30926805768587645,2.3813972527931133,740.0,forward
0.3155428559595139,2.2795354535183856,740.0,forward
0.32197437583229915,2.1792028836185295,740.0,forward
0.32442127808787047,2.141935121364353,740.0,forward
0.33101615634127907,2.0434211466480963,740.0,forward
0.3376644245069289,1.9459781028651595,740.0,forward
0.344274515085785,1.84933191426927,740.0,forward
0.35070128816651025,1.753133465538931,740.0,forward
0.3567121978597252,1.6569273308553902,740.0,forward
0.36192735058018044,1.5601022601545844,740.0,forward
0.3657089162290131,1.4618109377064112,740.0,forward
0.366948617498682,1.3608391928115133,740.0,forward
0.36364918280007147,1.2554244279733395,740.0,forward
0.3521987327964307,1.143494693912054,740.0,forward
0.32747964960878573,1.0262351882416092,740.0,forward
0.2876382626875516,0.9127021568293229,740.0,forward
0.23703506689611412,0.810114046683069,740.0,forward
0.18970975481736752,0.7318210172241141,740.0,forward
0.15492659805780398,0.680202930402201,740.0,forward
0.12996523895228262,0.6452502316651829,740.0,forward
0.1122251099406056,0.6212392930256339,740.0,forward
0.1,0.605034678433468,740.0,forward
0.08771601201157297,0.5890025193434933,740.0,backward
0.06967669585192798,0.5658658343794029,740.0,backward
0.0438364010577271,0.5334584570641017,740.0,backward
0.0067848714406388054,0.48824109152039114,740.0,backward
0.0,0.48009730871581524,740.0,backward
NaN,NaN,NaN,
0.27865107325965066,2.9607403499382903,760.0,forward
0.28390511867968143,2.8496414830841226,760.0,forward
0.289341069701283,2.7405110462796807,760.0,forward
0.29496089718732527,2.6332950711633947,760.0,forward
0.3007643488812987,2.5279252610951612,760.0,forward
0.3067478863710046,2.42431713866765,760.0,forward
0.3129031258864276,2.3223675580522865,760.0,forward
0.31921433868740895,2.2219541850060307,760.0,forward
0.324035211890594,2.147556840384977,760.0,forward
0.33054749822981117,2.049437978565754,760.0,forward
0.3371004722941117,1.952347449190665,760.0,forward
0.34360068616962214,1.856014155638891,760.0,forward
0.3499010177214775,1.7600933128718943,760.0,forward
0.35576716965360106,1.664135961174072,760.0,forward
0.36081862122834135,1.5675409991987166,760.0,forward
0.36442037061434396,1.4694781747249772,760.0,forward
0.3654766108655305,1.3687646172462835,760.0,forward
0.36202923967708245,1.2636999148915804,760.0,forward
0.3505734287358805,1.152304145805733,760.0,forward
0.32614555848755544,1.035619491589507,760.0,forward
0.2867765792076663,0.9222209259929534,760.0,forward
0.23656301636110527,0.8193948345604286,760.0,forward
0.18946322111650657,0.7408355498473963,760.0,forward
0.15479586715390525,0.6890410470879778,760.0,forward
0.12990026610349456,0.6539748499511762,760.0,forward
0.1122001849184074,0.6298897747540153,760.0,forward
0.1,0.6136370899226888,760.0,forward
0.08773911681295009,0.5975589501908828,760.0,backward
0.06973060504024295,0.5743586953155014,760.0,backward
0.04392900350931197,0.5418679033726769,760.0,backward
0.006924104697907503,0.49654489306004324,760.0,backward
0.0,0.4882069621328106,760.0,backward
NaN,NaN,NaN,
0.2780022211604051,2.9763367737384434,780.0,forward
0.28320860952477805,2.86569590362861,780.0,forward
0.28859207398694653,2.756987131941697,780.0,forward
0.29415425446230103,2.6501568580286428,780.0,forward
0.29989458307183653,2.545137749765591,780.0,forward
0.30580925094821626,2.4418469679779005,780.0,forward
0.3118897003873163,2.3401837869566515,780.0,forward
0.3181201993315082,2.2400294808998065,780.0,forward
0.3236753573026553,2.153511164782822,780.0,forward
0.33010614822397927,2.055754224721628,780.0,forward
0.3365651552161807,1.958985121372255,780.0,forward
0.34295708673825676,1.862935665144253,780.0,forward
0.3491328792189926,1.7672652702948846,780.0,forward
0.3548565202803422,1.6715312282395336,780.0,forward
0.35974686627920865,1.5751422299537865,780.0,forward
0.3631716304201347,1.4772844454084493,780.0,forward
0.36404697319239426,1.3768049611008815,780.0,forward
0.3604521189841418,1.2720622106926307,780.0,forward
0.34898329154252755,1.1611635005851502,780.0,forward
0.32482552201092935,1.0450282600935277,780.0,forward
0.2859129651765734,0.9317754326663299,780.0,forward
0.23608619672179768,0.8287263360751964,780.0,forward
0.1892133470569763,0.7499063745019826,780.0,forward
0.1546631821860392,0.697936767789999,780.0,forward
0.1298342798066304,0.6627572350633941,780.0,forward
0.11217486335772187,0.6385978895761212,780.0,forward
0.1,0.6222969451180975,780.0,forward
0.08776259570397392,0.6061726012280809,780.0,backward
0.0697854015509076,0.5829083629968237,780.0,backward
0.04402315019855063,0.5503334549207755,780.0,backward
0.007065682465978386,0.50490367597266,780.0,backward
0.0,0.4963672543148612,780.0,backward
NaN,NaN,NaN,
0.27739052490059857,2.992179415683861,800.0,forward
0.2825506687321423,2.8819657246840933,800.0,forward
0.28788325279585303,2.7736491278756015,800.0,forward
0.29338960071002973,2.6671764550073114,800.0,forward
0.2990688426842702,2.5624813589797286,800.0,forward
0.3049169103493916,2.459482611382582,800.0,forward
0.31092507688743287,2.3580818232592304,800.0,forward
0.3170776032132293,2.2581636698381287,800.0,forward
0.32333701825667976,2.159769669980477,800.0,forward
0.32968731075702656,2.062344280894289,800.0,forward
0.33605357119431,1.9658682140705905,800.0,forward
0.3423387038777569,1.8700761184938737,800.0,forward
0.3483917495357949,1.7746314874909295,800.0,forward
0.3539750263036935,1.6790976687824501,800.0,forward
0.35870678991408594,1.5828928235621011,800.0,forward
0.3619573925940481,1.4852189624450123,800.0,forward
0.3626545433309139,1.3849519052793127,800.0,forward
0.35891317070168516,1.2805058877430593,800.0,forward
0.3474251480058423,1.1700708427638076,800.0,forward
0.32351874332825475,1.0544605005944652,800.0,forward
0.2850475347253277,0.9413625841055502,800.0,forward
0.23560469572972753,0.8381045780300994,800.0,forward
0.18896016330276752,0.7590294163002164,800.0,forward
0.15452855406271745,0.7068860468009133,800.0,forward
0.12976728326646086,0.6715933775412173,800.0,forward
0.11214914471501804,0.6473596592650661,800.0,forward
0.1,0.6310103093861169,800.0,forward
0.0877864524059914,0.614839545212479,800.0,backward
0.06984108698533796,0.5915109369371043,800.0,backward
0.044118839752303254,0.5588512523695237,800.0,backward
0.00720959904286286,0.5133136370261776,800.0,backward
0.0,0.504574344822009,800.0,backward
NaN,NaN,NaN,
0.2812884793809487,2.9118371387211868,820.0,forward
0.28655090998010335,2.803658799520764,820.0,forward
0.29198232126935203,2.697298278296094,820.0,forward
0.29758186846330575,2.5926918626519613,820.0,forward
0.3033456887044078,2.4897617685325106,820.0,forward
0.3092655496747489,2.3884140326285435,820.0,forward
0.31532667291481414,2.28853895334845,820.0,forward
0.31681370180743024,2.2645526912146403,820.0,forward
0.3230161379150139,2.1663070912775853,820.0,forward
0.32928684379403617,2.0691854151849913,820.0,forward
0.3355614869407484,1.9729764138442973,820.0,forward
0.341741209219415,1.877417510119732,820.0,forward
0.347673205478622,1.7821761660079212,820.0,forward
0.35311817760132547,1.6868216085101195,820.0,forward
0.3576938178398399,1.5907811767496007,820.0,forward
0.3607730721800054,1.493272191966316,820.0,forward
0.3612948489893548,1.393198086502438,820.0,forward
0.3574083435918158,1.2890261113165074,820.0,forward
0.3458961908974269,1.1790244394406186,820.0,forward
0.3222245062546478,1.0639154868550513,820.0,forward
0.28418044020728483,0.9509798368226352,820.0,forward
0.23511865186220235,0.847526186316695,820.0,forward
0.18870375569911546,0.7682011975119276,820.0,forward
0.15439205114043256,0.7158854298136366,820.0,forward
0.12969933812154413,0.6804798536663876,820.0,forward
0.11212309574824024,0.6561715981631748,820.0,forward
0.1,0.6397728293145611,820.0,forward
0.08781041598853705,0.6235558882471753,820.0,backward
0.06989737958771423,0.6001626435514238,820.0,backward
0.04421578588120997,0.5674175656382159,820.0,backward
0.007355562771406791,0.5217711044679533,820.0,backward
0.0,0.5128248719549776,820.0,backward
NaN,NaN,NaN,
0.2800709977490216,2.941802539481445,840.0,forward
0.285265780188871,2.8337446972160523,840.0,forward
0.2906249794401455,2.7274794702127596,840.0,forward
0.29614776861502906,2.6229456378361053,840.0,forward
0.3018304673932267,2.520068653047361,840.0,forward
0.307665288129931,2.4187586892816184,840.0,forward
0.3136383180837101,2.3189112650038854,840.0,forward
0.3165752632888052,2.271031097071103,840.0,forward
0.32270923173698784,2.173100478524229,840.0,forward
0.3289011899730953,2.0762569612967505,840.0,forward
0.3350852699162192,1.9802912264842514,840.0,forward
0.341160884562104,1.8849434199015527,840.0,forward
0.34697344552404435,1.7898848601572168,840.0,forward
0.35228209418907935,1.6946904951504485,840.0,forward
0.3567040078654946,1.5987965748757493,840.0,forward
0.359614704983345,1.501435244630482,840.0,forward
0.35996399972904225,1.4015365155989032,840.0,forward
0.3559340683731604,1.2976180889514408,840.0,forward
0.34439385820684787,1.188022215711031,840.0,forward
0.3209420280257085,1.0733921818995584,840.0,forward
0.2833116628238548,0.960624612559571,840.0,forward
0.23462800343817738,0.8569878462739717,840.0,forward
0.18844399426047795,0.7774183326195293,840.0,forward
0.15425351891748335,0.7249315688906008,840.0,forward
0.1296302818648539,0.6894133560848364,840.0,forward
0.11209652622233222,0.6650306838385597,840.0,forward
0.1,0.6485841248494988,840.0,forward
0.0878352863506039,0.6323199621807424,840.0,backward
0.06995510546309361,0.6088615626835341,840.0,backward
0.04431482092703819,0.5760304898284941,840.0,backward
0.007504411663892017,0.53027419502702,840.0,backward
0.0,0.5211158833585419,840.0,backward
NaN,NaN,NaN,
0.27841406103900984,2.9822236423213693,860.0,forward
0.28352832483785145,2.874098953447257,860.0,forward
0.28880261461052265,2.7677475369349906,860.0,forward
0.2942363258789668,2.6631116574525553,860.0,forward
0.29982624210526737,2.560121088290936,860.0,forward
0.3055654080383313,2.4586913462948767,860.0,forward
0.3114413250173125,2.3587243597343415,860.0,forward
0.31667975149106753,2.272353034696394,860.0,forward
0.3227498261129713,2.174774977678595,860.0,forward
0.3288647505385999,2.0782385163435295,860.0,forward
0.3349555888395113,1.9825338475686527,860.0,forward
0.34091768301128655,1.887400569815671,860.0,forward
0.3465909471361748,1.792509359064657,860.0,forward
0.35172696536858433,1.6974344813825866,860.0,forward
0.35593236698677394,1.6016117870846718,860.0,forward
0.3585678726576021,1.5042744497382199,860.0,forward
0.3585631295580634,1.4043588223409709,860.0,forward
0.3540771527988524,1.300408721507744,860.0,forward
0.3419777319285392,1.190862753632915,860.0,forward
0.3179772890952882,1.0765526604916198,860.0,forward
0.280019071986757,0.9642983777045423,860.0,forward
0.2312402775941077,0.8610576248369404,860.0,forward
0.18628760198611535,0.7836328353596491,860.0,forward
0.1530468768726748,0.7324389616023242,860.0,forward
0.12911291196646316,0.6977569809987842,860.0,forward
0.11207023188651681,0.6739349354924874,860.0,forward
0.1,0.6574368459907427,860.0,forward
0.08785916263162939,0.6411262073244325,860.0,backward
0.0704732636242294,0.6182037871718556,860.0,backward
0.04554033549094156,0.586114983299446,860.0,backward
0.009741428810808783,0.5413837697705935,860.0,backward
0.0,0.5294447776733828,860.0,backward
NaN,NaN,NaN,
0.2827103975663381,2.8964016101152734,880.0,forward
0.28792929297644393,2.790244973087427,880.0,forward
0.29330331064542603,2.6857777991750824,880.0,forward
0.29882914360969687,2.5829317335757627,880.0,forward
0.30449986144635544,2.4816247722650653,880.0,forward
0.31030317341259595,2.3817622506957075,880.0,forward
0.31612675472153323,2.2847510983023738,880.0,forward
0.3221255521000875,2.187376834637895,880.0,forward
0.32816229065368296,2.091020995042867,880.0,forward
0.3341681308350998,1.995478040664546,880.0,forward
0.3400391837262387,1.900493374021434,880.0,forward
0.34561744344014367,1.8057457736873195,880.0,forward
0.35065913359074674,1.7108211914268336,880.0,forward
0.35478058533466567,1.615172985884015,880.0,forward
0.3573624779487982,1.5180616407725522,880.0,forward
0.3573757423671447,1.4184675234935369,880.0,forward
0.3530651704111289,1.3150023018476218,880.0,forward
0.341460492247256,1.2061447809954258,880.0,forward
0.3184100922158051,1.0924094108801252,880.0,forward
0.2815698787760226,0.9799901978710713,880.0,forward
0.2336337329022922,0.8760218778704667,880.0,forward
0.18791506413649278,0.7959788068118473,880.0,forward
0.15397096283530637,0.7431543172647567,880.0,forward
0.12948941153857593,0.707411730231921,880.0,forward
0.11204246813227448,0.6828798739805105,880.0,forward
0.1,0.6663344851592801,880.0,forward
0.0878852153101371,0.6499767803911252,880.0,backward
0.07007223900435457,0.6263874577225074,880.0,backward
0.044516514899457744,0.5933827709038562,880.0,backward
0.007808097400802743,0.5474040813822862,880.0,backward
0.0,0.5378092588688336,880.0,backward
NaN,NaN,NaN,
0.28155504843594975,2.926441429930301,900.0,forward
0.2867092758901889,2.8203412814790285,900.0,forward
0.29201463396959226,2.715909805544507,900.0,forward
0.29746793719584586,2.6130813197561444,900.0,forward
0.3030625715910606,2.5117771893997842,900.0,forward
0.30878687345909694,2.4119069132661224,900.0,forward
0.31005495778743164,2.3902364035532258,900.0,forward
0.3159118870109071,2.2919537933804404,900.0,forward
0.32184389100873323,2.1948246354431165,900.0,forward
0.32780405817433494,2.0986818623681,900.0,forward
0.3337221173145215,2.003321782336451,900.0,forward
0.33949259815087285,1.90849234819654,900.0,forward
0.34495587382266046,1.8138759450262665,900.0,forward
0.3498668136238759,1.719063833119768,900.0,forward
0.35384143028225934,1.6235176045692346,900.0,forward
0.3562630193918549,1.5265113182386638,900.0,forward
0.35611279109419464,1.4270492421721965,900.0,forward
0.35166537117953434,1.323786882666847,900.0,forward
0.3400255833728786,1.2152659533062944,900.0,forward
0.3171593267995871,1.1019483834252353,900.0,forward
0.2806968525856245,0.9897073253439332,900.0,forward
0.23313002272524627,0.8855893229305306,900.0,forward
0.1876456722861323,0.8053170926435096,900.0,forward
0.15382666719244203,0.7523259410472712,900.0,forward
0.1294173098778342,0.7164716871196318,900.0,forward
0.11201465883069692,0.6918654106973404,900.0,forward
0.1,0.6752723039083617,900.0,forward
0.08791133296408342,0.6588668761999449,900.0,backward
0.07013273709921479,0.6352115014842155,900.0,backward
0.04462027547158258,0.6021192252751426,900.0,backward
0.00796404781759431,0.5560280140379606,900.0,backward
0.0,0.5462072900689787,900.0,backward
NaN,NaN,NaN,
0.28034499437444715,2.958385027447008,920.0,forward
0.28543405058741383,2.8523000454839975,920.0,forward
0.2906704409719194,2.747864594446682,920.0,forward
0.2960511366807766,2.6450157191000603,920.0,forward
0.3015698787966679,2.54367818594595,920.0,forward
0.30721566780794035,2.4437657082050195,920.0,forward
0.30990154424627875,2.397388256395889,920.0,forward
0.3157005523511773,2.2993628503004273,920.0,forward
0.3215662414442789,2.2024589471006846,920.0,forward
0.3274504749293723,2.1065108104189885,920.0,forward
0.3332815866097174,2.0113165678889127,920.0,forward
0.33895257230705994,1.9166266750857266,920.0,forward
0.34430224465422543,1.8221270495909396,920.0,forward
0.3490841920252341,1.7274141447109634,920.0,forward
0.3529141858597686,1.6319575932528025,920.0,forward
0.3551781780063708,1.5350446689408586,920.0,forward
0.35486751090685453,1.4357027609691122,920.0,forward
0.3502857769222273,1.332629305371687,920.0,forward
0.3386097248161138,1.2244256162735665,920.0,forward
0.31591811645361034,1.1115074995774492,920.0,forward
0.27982270494480666,0.9994460408773815,920.0,forward
0.23262225376095544,0.8951882525220346,920.0,forward
0.1873732630729227,0.8146918097659368,920.0,forward
0.1536806094010954,0.7615354766059456,920.0,forward
0.12934434163010938,0.725569925756988,920.0,forward
0.11198659167927426,0.7008891497144707,920.0,forward
0.1,0.6842470355493253,920.0,forward
0.08793742116027313,0.6677942740089172,920.0,backward
0.07019370246538029,0.6440727132799242,920.0,backward
0.044725151634875254,0.6108923788920195,920.0,backward
0.008121904226972712,0.5646878306630322,920.0,backward
0.0,0.5546370645965586,920.0,backward
NaN,NaN,NaN,
0.27900338045505,2.99389756316464,940.0,forward
0.2840245734855848,2.8877624568120246,940.0,forward
0.2891895110849181,2.783260095732249,940.0,forward
0.294495389814946,2.6803304577666287,940.0,forward
0.2999363917004727,2.578901916662043,940.0,forward
0.3055023185210244,2.4788920696570544,940.0,forward
0.3097496559329747,2.4047511453384383,940.0,forward
0.315491063787425,2.306963206544642,940.0,forward
0.3212908863541056,2.210266175169924,940.0,forward
0.32709979029290237,2.114495634558159,940.0,forward
0.3328447511983412,2.01945150498368,940.0,forward
0.3384172787776635,1.9248866999449763,940.0,forward
0.34365468629713386,1.8304906006052621,940.0,forward
0.3483093560181743,1.7358647458742409,940.0,forward
0.35199689834538944,1.6404866292511429,940.0,forward
0.354105968813331,1.543656400638246,940.0,forward
0.35363791570038905,1.444423835651856,940.0,forward
0.34892449708067413,1.3415265119037678,940.0,forward
0.33721144475623516,1.2336222294418457,940.0,forward
0.31468592161628534,1.12108616198531,940.0,forward
0.2789474372495399,1.0092050273562982,940.0,forward
0.23211040102824523,0.9048168206960939,940.0,forward
0.1870977452180782,0.8241010536695791,940.0,forward
0.15353267391196324,0.7707810500108043,940.0,forward
0.12927038355951526,0.7347046038742318,940.0,forward
0.11195813143905407,0.709949381668037,940.0,forward
0.1,0.6932582357914548,940.0,forward
0.08796388702240197,0.6767580241097351,940.0,backward
0.07025555424288712,0.6529700400822096,940.0,backward
0.044831568161777684,0.6197011920843571,940.0,backward
0.00828209801760383,0.5733825083407275,940.0,backward
0.0,0.5630969740304849,940.0,backward
NaN,NaN,NaN,
0.28295656477977266,2.9168482002530927,960.0,forward
0.2880608415478514,2.8123673093461297,960.0,forward
0.2933025700527598,2.7094416583861465,960.0,forward
0.2986761266290388,2.6080022815726434,960.0,forward
0.30417169334749444,2.507970605133246,960.0,forward
0.3095978346293339,2.4123102189798407,960.0,forward
0.31528194046382546,2.31474141891351,960.0,forward
0.32101631919599977,2.2182342125166175,960.0,forward
0.32675046903750343,2.122625490888554,960.0,forward
0.3324100442890847,2.0277169411012386,960.0,forward
0.3378851165853905,1.9332638924627221,960.0,forward
0.34301156149307566,1.8389591255619804,960.0,forward
0.3475406310903064,1.7444091648917497,960.0,forward
0.35108785753378313,1.6490991961049677,960.0,forward
0.3530446537522975,1.5523419260758604,960.0,forward
0.3524222650632015,1.4532088226091218,960.0,forward
0.34757987345023905,1.3504759260420063,960.0,forward
0.33582945599369957,1.242854589724573,960.0,forward
0.3134623066955766,1.1306840735706163,960.0,forward
0.27807114637768565,1.0189833608575816,960.0,forward
0.231594556840033,0.9144735865015514,960.0,forward
0.1868191548481269,0.8335433106796246,960.0,forward
0.15338287694106856,0.7800611681220365,960.0,forward
0.12919544573140426,0.7438742523725731,960.0,forward
0.11192928623110314,0.7190446498611005,960.0,forward
0.1,0.7023044097738453,960.0,forward
0.08799071820091868,0.6857566661867359,960.0,backward
0.07031828068094309,0.6619020436963942,960.0,backward
0.0449395150249739,0.6285442487828512,960.0,backward
0.008444622152490157,0.5821106587144405,960.0,backward
0.0,0.5715855838511408,960.0,backward
NaN,NaN,NaN,
0.28175018652502637,2.9494259540336216,980.0,forward
0.28679110992497503,2.844905356409542,980.0,forward
0.2919662557947122,2.74192502678554,980.0,forward
0.2972702854353749,2.6404188909649413,980.0,forward
0.30269390780869265,2.540311910136087,980.0,forward
0.30389521086377197,2.51858690131663,980.0,forward
0.3094448128141719,2.4200519364262743,980.0,forward
0.3150718958516617,2.322685234766962,980.0,forward
0.3207412317049352,2.226352026990971,980.0,forward
0.32640117842458316,2.1308904995488174,980.0,forward
0.33197610595471316,2.0361040814327707,980.0,forward
0.337354695982689,1.9417504781541939,980.0,forward
0.3423714482796975,1.8475258097971199,980.0,forward
0.34677656128039164,1.7530414929149245,980.0,forward
0.35018557328812294,1.6577902468087067,980.0,forward
0.3519927128474254,1.5610970332092329,980.0,forward
0.35121902757158785,1.4620543539406043,980.0,forward
0.34625043206290734,1.3594751319341045,980.0,forward
0.3344625925987021,1.2521215130572392,980.0,forward
0.3122468537647778,1.1403009095266683,980.0,forward
0.277193904009517,1.0287801832842491,980.0,forward
0.2310747845933654,0.9241572107083149,980.0,forward
0.18653749636751554,0.8430171748587981,980.0,forward
0.15323120128871867,0.7893744473067547,980.0,forward
0.12911950393827198,0.7530775123560474,980.0,forward
0.11190003170831946,0.7281735941497209,980.0,forward
0.1,0.7113840655429567,980.0,forward
0.08801788879494504,0.6947888624503491,980.0,backward
0.07038185513256857,0.6708674233166646,980.0,backward
0.04504896740258074,0.6374202695805461,980.0,backward
0.008609455100144837,0.590871028887427,980.0,backward
0.0,0.580101612132699,980.0,backward
NaN,NaN,NaN,
0.28070033309752435,2.9792559271981984,1000.0,forward
0.285683289046094,2.874728749293909,1000.0,forward
0.290797257473933,2.7717256719415486,1000.0,forward
0.296037081027605,2.6701830670924678,1000.0,forward
0.30139383846007484,2.5700289387800535,1000.0,forward
0.30409093706511015,2.520826973934072,1000.0,forward
0.30959533413112045,2.4225721949086343,1000.0,forward
0.3151686230017584,2.325450986143337,1000.0,forward
0.32077384005689796,2.2293282176800897,1000.0,forward
0.3263571265473732,2.1340416866578114,1000.0,forward
0.3318399815531431,2.0393943671357677,1000.0,forward
0.33710731371805563,1.9451434151531786,1000.0,forward
0.3419885877022812,1.8509843091887146,1000.0,forward
0.34622718418099613,1.756527833631427,1000.0,forward
0.34942931296254803,1.6612664584503596,1000.0,forward
0.3509764688153621,1.564526423184068,1000.0,forward
0.34987302190327274,1.4654064845953794,1000.0,forward
0.34448686464239364,1.3627417899711725,1000.0,forward
0.3321925582033454,1.2553650341079516,1000.0,forward
0.30945839170402906,1.143724444035605,1000.0,forward
0.27404349838273084,1.0325938722657197,1000.0,forward
0.22778118283421178,0.9283464166392787,1000.0,forward
0.18441513181401933,0.8494106633054824,1000.0,forward
0.15203580693228694,0.7971019343640486,1000.0,forward
0.12860385162300506,0.761665161045608,1000.0,forward
0.11187100794729146,0.7373359354502014,1000.0,forward
0.1,0.7204945546003519,1000.0,forward
0.08804437949864925,0.703852039346254,1000.0,backward
0.07090013822304074,0.6804765772413904,1000.0,backward
0.046272505648155354,0.6477829937637055,1000.0,backward
0.010843445931215123,0.6022698274237495,1000.0,backward
0.0,0.588643910839775,1000.0,backward
NaN,NaN,NaN,
0.2841582151391605,2.9137532543060147,1020.0,forward
0.2892015924544288,2.8105887274094896,1020.0,forward
0.29436846398721694,2.7088771157169007,1020.0,forward
0.2996506336598391,2.608549720286695,1020.0,forward
0.3036807721196182,2.5341581367511816,1020.0,forward
0.3091308686569157,2.4360355790006145,1020.0,forward
0.3146446825986583,2.339026569049215,1020.0,forward
0.3201850650976651,2.2429982457729154,1020.0,forward
0.3256981786010333,2.147791348445423,1020.0,forward
0.33110593501122915,2.053212719456633,1020.0,forward
0.3362943804320916,1.9590247071936713,1020.0,forward
0.34109544895744076,1.864929946092929,1020.0,forward
0.3452574624252016,1.7705493791261762,1020.0,forward
0.348396228448641,1.6753903523898332,1020.0,forward
0.3499117943541258,1.578801490817976,1020.0,forward
0.34884457313307454,1.47991551754476,1020.0,forward
0.3436320437959596,1.3776147325179626,1020.0,forward
0.3317702234564755,1.2707552193643505,1020.0,forward
0.30983905345971696,1.1595907489478468,1020.0,forward
0.2754370403051842,1.0484269221229356,1020.0,forward
0.23002394967086204,0.9436008375428524,1020.0,forward
0.18596525630725888,0.8620552357313712,1020.0,forward
0.15292241773764767,0.8080960661405213,1020.0,forward
0.12896479008924877,0.7715805290719554,1020.0,forward
0.11184046728217949,0.7465282829785429,1020.0,forward
0.1,0.7296396934824122,1020.0,forward
0.08807315546668702,0.712949401737805,1020.0,backward
0.07051146246816976,0.688893810296233,1020.0,backward
0.045272312089106446,0.6552667843760249,1020.0,backward
0.008945986122817176,0.6084841079619417,1020.0,backward
0.0,0.597211452069359,1020.0,backward
NaN,NaN,NaN,
0.2832571880525652,2.9403154975185117,1040.0,forward
0.2882469481148405,2.83716141018135,1040.0,forward
0.29335716662917743,2.7354449286224063,1040.0,forward
0.29857980957503666,2.6351000763486594,1040.0,forward
0.30356759076119794,2.542195015752356,1040.0,forward
0.3089681574749081,2.4442558995943764,1040.0,forward
0.31442570112691287,2.3474045598240867,1040.0,forward
0.3199021449399793,2.2515090836715728,1040.0,forward
0.3253425956833054,2.1564114677970085,1040.0,forward
0.330667791246116,2.061920227975438,1040.0,forward
0.33576253163969955,1.9677999832927475,1040.0,forward
0.34045756048671544,1.8737565494365174,1040.0,forward
0.3445003760473625,1.7794155132533191,1040.0,forward
0.3475070489976655,1.6842913285451862,1040.0,forward
0.3488806325993998,1.5877440538484742,1040.0,forward
0.34767111824021757,1.488925655135967,1040.0,forward
0.34234088691562503,1.3867510833968342,1040.0,forward
0.3304428950223808,1.2801198622843117,1040.0,forward
0.3086459824527307,1.169263102080501,1040.0,forward
0.27455750249826005,1.0582754800460163,1040.0,forward
0.2294929486522424,0.9533586644002986,1040.0,forward
0.18567461182227266,0.8716171395527044,1040.0,forward
0.15276519831906263,0.8175021599238732,1040.0,forward
0.12888589114490223,0.7808780919195358,1040.0,forward
0.11181001484227901,0.7557520065217946,1040.0,forward
0.1,0.7388153030613622,1040.0,forward
0.08810177643912094,0.722076702306767,1040.0,backward
0.07057803571090823,0.6979536516880761,1040.0,backward
0.04538675652204425,0.6642361358944726,1040.0,backward
0.009118251824067785,0.6173357011637954,1040.0,backward
0.0,0.6058033103805053,1040.0,backward
NaN,NaN,NaN,
0.2820613851834786,2.9735378301419,1060.0,forward
0.28699119812599516,2.8702936245940585,1060.0,forward
0.2920389177086674,2.7684760784430074,1060.0,forward
0.29719691250683,2.668022072066649,1060.0,forward
0.298175671065314,2.649328488853008,1060.0,forward
0.3034494288699207,2.550385531002257,1060.0,forward
0.30880060404077625,2.4526159940204115,1060.0,forward
0.3142021076839675,2.355909449819296,1060.0,forward
0.31961495656488387,2.2601349292015374,1060.0,forward
0.32498322971147797,2.1651356737452914,1060.0,forward
0.330226527455772,2.070721851760978,1060.0,forward
0.3352284512057191,1.9766603217663066,1060.0,forward
0.3398186152603759,1.8826600340301576,1060.0,forward
0.34374377027109176,1.7883511454792447,1060.0,forward
0.3466203352867259,1.6932550892492753,1060.0,forward
0.3478544351655135,1.596743107375869,1060.0,forward
0.34650557891881456,1.4979858638177284,1060.0,forward
0.3410605046594528,1.3959296968789314,1060.0,forward
0.32912711752025053,1.2895153978912777,1060.0,forward
0.30745978102907623,1.1789537079929042,1060.0,forward
0.27367741023901065,1.0681404020820502,1060.0,forward
0.228958425533066,0.9631395404328728,1060.0,forward
0.18538108455929922,0.8812065674238495,1060.0,forward
0.15260620182993861,0.8269374020193291,1060.0,forward
0.12880606352359555,0.7902053390096385,1060.0,forward
0.11177922672369889,0.7650054723775362,1060.0,forward
0.1,0.7480196668950543,1060.0,forward
0.08813047156966304,0.7312332353873452,1060.0,backward
0.07064518991011265,0.7070426845363631,1060.0,backward
0.045502446931522986,0.6732343485997542,1060.0,backward
0.009292581757905479,0.6262155098664977,1060.0,backward
0.0,0.6144186549911868,1060.0,backward
NaN,NaN,NaN,
0.2857529368375504,2.90357366379487,1080.0,forward
0.29073973761953026,2.801648078592204,1080.0,forward
0.2958347220698059,2.7010780246344717,1080.0,forward
0.29809538158144067,2.6574819924343793,1080.0,forward
0.30332566521171667,2.5587201935686097,1080.0,forward
0.30862758159844045,2.461107263669575,1080.0,forward
0.31397326846489865,2.364533482111005,1080.0,forward
0.3193228574693604,2.2688688179623355,1080.0,forward
0.32461942765241386,2.1739577454279257,1080.0,forward
0.32978147796983937,2.079612065407967,1080.0,forward
0.3346914583019385,1.9856008462089052,1080.0,forward
0.33917791416384824,1.8916361284792955,1080.0,forward
0.34298692371452805,1.7973525689868382,1080.0,forward
0.3457353386719464,1.7022784572571898,1080.0,forward
0.3468324207220312,1.6057959783905387,1080.0,forward
0.3453471396155518,1.5070939716593286,1080.0,forward
0.3397900711666925,1.4051489626475406,1080.0,forward
0.3278221878728099,1.298940963278229,1080.0,forward
0.30628016094939764,1.1886623452141591,1080.0,forward
0.27279681937307626,1.078021236943607,1080.0,forward
0.22842043244596924,0.9729426584128779,1080.0,forward
0.18508466689955574,0.8908226528742711,1080.0,forward
0.1524453962036623,0.8364009460387772,1080.0,forward
0.12872526760118946,0.799561448006925,1080.0,forward
0.11174805360535697,0.7742879702096102,1080.0,forward
0.1,0.7572531094223731,1080.0,forward
0.08815954289308224,0.7404188021154382,1080.0,backward
0.07071323701167836,0.7161606186806992,1080.0,backward
0.04561970203147939,0.6822611416660144,1080.0,backward
0.009469303563732682,0.6351232629753615,1080.0,backward
0.0,0.6230567374660688,1080.0,backward
NaN,NaN,NaN,
0.28422655782631,2.943426354699262,1100.0,forward
0.28914704413523223,2.8413000235466095,1100.0,forward
0.2941742191905658,2.7405249510112717,1100.0,forward
0.2980088935173447,2.6657840516972047,1100.0,forward
0.30319575884900246,2.5671903677957495,1100.0,forward
0.30844854501740815,2.4697218939019154,1100.0,forward
0.3137386327875792,2.3732696174250507,1100.0,forward
0.3190252899341083,2.2777044400105613,1100.0,forward
0.3242506230711815,2.1828720564547446,1100.0,forward
0.32933206566403456,2.08858588120926,1100.0,forward
0.33415096665214666,1.994617157428591,1100.0,forward
0.3385348507791502,1.9006809945649987,1100.0,forward
0.3422292097388532,1.8064164618561258,1100.0,forward
0.34485140706461387,1.711358593998011,1100.0,forward
0.34581390571526827,1.6149002875899816,1100.0,forward
0.3441950823817979,1.5162480551433608,1100.0,forward
0.33852885421150475,1.4144074686462578,1100.0,forward
0.32652748019751077,1.308395830643949,1100.0,forward
0.3051068752202038,1.1983888910309888,1100.0,forward
0.2719158133583458,1.0879176684459886,1100.0,forward
0.22787905707633205,0.982767360196751,1100.0,forward
0.18478539067437744,0.9004646741828841,1100.0,forward
0.15228279009570658,0.8458920866569166,1100.0,forward
0.12864350430234975,0.8089457341704698,1100.0,forward
0.11171649428022579,0.7835988261797552,1100.0,forward
0.1,0.7665149326461396,1100.0,forward
0.08818898420945845,0.7496327418577421,1100.0,backward
0.07078217189601432,0.7253068113352267,1100.0,backward
0.045738519721954286,0.691315889154541,1100.0,backward
0.009648420549420608,0.6440583540853284,1100.0,backward
0.0,0.6317168831332725,1100.0,backward
NaN,NaN,NaN,
0.2833238780307953,2.9705767981294686,1120.0,forward
0.2881932898899464,2.8684159571706034,1120.0,forward
0.29316686971976047,2.767594878608636,1120.0,forward
0.29791574199487586,2.6742259400567865,1120.0,forward
0.30305924305208126,2.575788127891822,1120.0,forward
0.3082630245759089,2.4784527176400846,1120.0,forward
0.31349772670587994,2.3821114044654927,1120.0,forward
0.31872177441619487,2.286636016629663,1120.0,forward
0.323876329241108,2.191873457779233,1120.0,forward
0.32887779471681905,2.0976387376475616,1120.0,forward
0.3336064608611886,2.0037052545247875,1120.0,forward
0.3378889030977831,1.9097911259073577,1120.0,forward
0.3414700873970128,1.8155397901924617,1120.0,forward
0.34396797487413244,1.7204929067093493,1120.0,forward
0.344798292969142,1.6240538600581527,1120.0,forward
0.34304877366923847,1.5254463529796978,1120.0,forward
0.3372761996376819,1.4237039179749125,1120.0,forward
0.32524242769376704,1.3178793279630308,1120.0,forward
0.30393969700374596,1.208133242190773,1120.0,forward
0.27103447522180873,1.097829433432326,1120.0,forward
0.22733438811635523,0.9926130589035244,1120.0,forward
0.18448328917436085,0.9101319811912164,1120.0,forward
0.15211839322526732,0.8554101892923057,1120.0,forward
0.12856077542886615,0.8183575831498406,1120.0,forward
0.11168454809535809,0.7929374441393662,1120.0,forward
0.1,0.775804576338245,1120.0,forward
0.0882188012202293,0.7588744875333764,1120.0,backward
0.07085200182660674,0.73448070530397,1120.0,backward
0.045858910542462446,0.7003980500608242,1120.0,backward
0.0098299490123903,0.6530202607019471,1120.0,backward
0.0,0.6403984832203767,1120.0,backward
NaN,NaN,NaN,
0.28706039157700286,2.8995758679581627,1140.0,forward
0.29197779328494866,2.79865177850887,1140.0,forward
0.29306642383658243,2.7767416340808704,1140.0,forward
0.2980952916244254,2.6773430290091085,1140.0,forward
0.30319912485169837,2.579111759019098,1140.0,forward
0.3083562647718101,2.481955399153226,1140.0,forward
0.3135360494967772,2.385765372329126,1140.0,forward
0.3186952730693181,2.2904132110448994,1140.0,forward
0.3237730304546251,2.195745475979909,1140.0,forward
0.3286830740777438,2.101576766106221,1140.0,forward
0.3333022486869551,2.0076799943841093,1140.0,forward
0.33745259471661704,1.9137727520740615,1140.0,forward
0.34087304221234316,1.8194980485460082,1140.0,forward
0.34317347629227607,1.7243976198891549,1140.0,forward
0.3437589293816055,1.6278765372346418,1140.0,forward
0.34170372577158864,1.5291647938690545,1140.0,forward
0.33555115499813865,1.427315165913045,1140.0,forward
0.3230631147763822,1.3214336905164807,1140.0,forward
0.30128594535811615,1.2117840956815291,1140.0,forward
0.26801450370089064,1.1017673924094942,1140.0,forward
0.2241383845492045,0.9968869565588377,1140.0,forward
0.18239894594917522,0.916653210251819,1140.0,forward
0.15093616794205084,0.8633029744906869,1140.0,forward
0.12804732722376466,0.827134328980486,1140.0,forward
0.11165242853995626,0.8023034905703331,1140.0,forward
0.1,0.7851198055078111,1140.0,forward
0.08824836566000296,0.7681425137019227,1140.0,backward
0.07137030004553802,0.7443057553278888,1140.0,backward
0.04707977059255487,0.7109895783567217,1140.0,backward
0.01205971265550644,0.6646611933163665,1140.0,backward
0.0,0.6491009876687264,1140.0,backward
NaN,NaN,NaN,
0.2857091926382101,2.935734789832282,1160.0,forward
0.2905670918991643,2.8346402506807986,1160.0,forward
0.29272204598290125,2.7908079026760526,1160.0,forward
0.29770790490396,2.691497748745267,1160.0,forward
0.30276483658030484,2.593337862931894,1160.0,forward
0.30787097863514373,2.4962371589400467,1160.0,forward
0.31299553855110546,2.4000887439563408,1160.0,forward
0.31809531833372373,2.3047662809291625,1160.0,forward
0.32310967044923194,2.2101190572161227,1160.0,forward
0.32795304379951645,2.1159652215457396,1160.0,forward
0.3325037467487579,2.0220824073511783,1160.0,forward
0.33658663003696976,1.9281946355308415,1160.0,forward
0.3399458224773636,1.8339539005009537,1160.0,forward
0.34220071855325734,1.738914785540943,1160.0,forward
0.342773757580832,1.6425010096382677,1160.0,forward
0.3407712321602148,1.5439692766932258,1160.0,forward
0.33479430045147246,1.442405984210978,1160.0,forward
0.3226992818688262,1.3369297898287864,1160.0,forward
0.30162284906733994,1.2276750440803073,1160.0,forward
0.2692711349869295,1.1176981494953275,1160.0,forward
0.22623553220522724,1.012365421513457,1160.0,forward
0.18387075458268562,0.9295401740129029,1160.0,forward
0.15178427544561907,0.874525060098156,1160.0,forward
0.12839243610302495,0.837261827213655,1160.0,forward
0.11161950024640253,0.8116958786546902,1160.0,forward
0.1,0.7944652469770672,1160.0,forward
0.08827955640441587,0.7774393728855171,1160.0,backward
0.07099434572517625,0.7529096282855133,1160.0,backward
0.04610442334383933,0.7186427071607783,1160.0,backward
0.0102002755972747,0.6710226881039527,1160.0,backward
0.0,0.6578239004912352,1160.0,backward
NaN,NaN,NaN,
0.28419156214574126,2.975962130801175,1180.0,forward
0.28898769243827493,2.874642567065261,1180.0,forward
0.2926451099452897,2.7994791644716472,1180.0,forward
0.297592587465087,2.70031341421113,1180.0,forward
0.3026063145168617,2.602276909587854,1180.0,forward
0.3076638204500624,2.5052791019868628,1180.0,forward
0.3127336204913167,2.4092138018196594,1180.0,forward
0.31777173613302656,2.313955579926116,1180.0,forward
0.32271665532501664,2.2193548991632803,1180.0,forward
0.3274819014570461,2.1252314533793246,1180.0,forward
0.3319448589272171,2.031364958220967,1180.0,forward
0.3359296012418261,1.9374823330166175,1180.0,forward
0.3391799429988243,1.8432397633731958,1180.0,forward
0.34131611060675976,1.7481981386231775,1180.0,forward
0.34176398657654417,1.6517910370516726,1180.0,forward
0.33963906960029006,1.553291005428913,1180.0,forward
0.3335640591108591,1.451809438436484,1180.0,forward
0.3214402896610735,1.3464955948807988,1180.0,forward
0.30047279726010784,1.2374723081534482,1180.0,forward
0.26838927403154844,1.1276547259451184,1180.0,forward
0.22568149905241056,1.0222711480424593,1180.0,forward
0.1835603640429419,0.9392800001901961,1180.0,forward
0.15161454645380967,0.884120797882811,1180.0,forward
0.12830679881290033,0.8467532306141872,1180.0,forward
0.11158636983972203,0.8211146716491158,1180.0,forward
0.1,0.8038346608845223,1180.0,forward
0.08831034635045991,0.7867613567064032,1180.0,backward
0.07106670951417518,0.762163594810199,1180.0,backward
0.046229399350113366,0.7278041761540045,1180.0,backward
0.010388937633886734,0.6800622224642867,1180.0,backward
0.0,0.6665667715646831,1180.0,backward
NaN,NaN,NaN,
0.2880284526986914,2.902190385003178,1200.0,forward
0.2925602237471101,2.8082721546913114,1200.0,forward
0.2974693189408681,2.7092405207170227,1200.0,forward
0.30243989601951154,2.61131781344891,1200.0,forward
0.3074488885106916,2.514414023629753,1200.0,forward
0.31246413529371475,2.4184236625381623,1200.0,forward
0.3174408977778896,2.3232222026079348,1200.0,forward
0.32231682573987375,2.228661271768199,1200.0,forward
0.3270045510778093,2.1345620936711263,1200.0,forward
0.3313805780072906,2.0407064439827747,1200.0,forward
0.3352682583355364,1.946824106879139,1200.0,forward
0.33841116023374523,1.8525754039352886,1200.0,forward
0.3404304163842494,1.7575274307684279,1200.0,forward
0.3407554079820473,1.6611234277732168,1200.0,forward
0.33851079084904667,1.5626513661228314,1200.0,forward
0.3323403943721738,1.4612467380555765,1200.0,forward
0.320189183538916,1.3560879570443525,1200.0,forward
0.2993281480403954,1.2472872609846286,1200.0,forward
0.2675074519546952,1.1376261330828854,1200.0,forward
0.22512459096450604,1.032196226565299,1200.0,forward
0.18324735767456907,0.9490432077775622,1200.0,forward
0.15144314148664795,0.8937416422945301,1200.0,forward
0.1282202790133721,0.856270416233067,1200.0,forward
0.11155291727887874,0.8305596240198406,1200.0,forward
0.1,0.8132315394986483,1200.0,forward
0.08834180686895024,0.7961099538120459,1200.0,backward
0.0711402771614367,0.7714439849165786,1200.0,backward
0.046356274959304423,0.7369918354019507,1200.0,backward
0.010580366207529751,0.6891274085676895,1200.0,backward
0.0,0.6753291947543312,1200.0,backward
NaN,NaN,NaN,
0.28708547852315824,2.9296546087672177,1220.0,forward
0.2876701751205927,2.917253587107416,1220.0,forward
0.2924671877984559,2.8171802982018095,1220.0,forward
0.29733790218925527,2.718273077813399,1220.0,forward
0.30226538573780637,2.6204551377791763,1220.0,forward
0.307225988507096,2.523637009205069,1220.0,forward
0.3121868887928459,2.4277139015560762,1220.0,forward
0.3171026081334659,2.332562182542493,1220.0,forward
0.3219099841445309,2.238034635007165,1220.0,forward
0.3265207907523136,2.143953997622834,1220.0,forward
0.3308106950130929,2.0501040846925287,1220.0,forward
0.33460238142306536,1.9562175127101025,1220.0,forward
0.3376392377973725,1.8619586855198056,1220.0,forward
0.3395433749994733,1.7669008077108885,1220.0,forward
0.3397477254467136,1.670496589694173,1220.0,forward
0.3373860518883413,1.5720490219995122,1220.0,forward
0.33112291375554315,1.4707168341926486,1220.0,forward
0.31894558288205405,1.3657062279382217,1220.0,forward
0.2981887034785806,1.2571196661792885,1220.0,forward
0.266625676516176,1.1476120897483173,1220.0,forward
0.22456480983423222,1.0421401394009124,1220.0,forward
0.1829316744157718,0.9588292279749472,1220.0,forward
0.15126996878986596,0.9033870434791332,1220.0,forward
0.12813277094105963,0.8658128543948796,1220.0,forward
0.11151904476414448,0.8400300338860981,1220.0,forward
0.1,0.8226533341154125,1220.0,forward
0.08837348885279354,0.8054839775807047,1220.0,backward
0.07121458691054149,0.7807498334514046,1220.0,backward
0.046484584600894635,0.7462047471324974,1220.0,backward
0.010774095327243022,0.6982173424393632,1220.0,backward
0.0,0.6841108022957141,1220.0,backward
NaN,NaN,NaN,
0.28583747117689506,2.963925060942269,1240.0,forward
0.28760303231129103,2.9261364045683,1240.0,forward
0.2923658238746378,2.826197782405235,1240.0,forward
0.29719816160633455,2.7274058145890008,1240.0,forward
0.3020826101454128,2.629684124273682,1240.0,forward
0.30699494837008534,2.532943783413287,1240.0,forward
0.31190170963736585,2.4370806967553382,1240.0,forward
0.31675669564228104,2.341972121040823,1240.0,forward
0.3214959575699502,2.2474719842090445,1240.0,forward
0.32603044446357643,2.1534045257596257,1240.0,forward
0.33023502858657955,2.0595555780884793,1240.0,forward
0.3339317805166605,1.9656605586177844,1240.0,forward
0.3368639723048538,1.871387901332529,1240.0,forward
0.33865476283131024,1.7763168250231605,1240.0,forward
0.33874068590250134,1.6799093231756712,1240.0,forward
0.3362645605956144,1.5814830137993463,1240.0,forward
0.32991128861633207,1.480219041010056,1240.0,forward
0.3177091842482864,1.3753501024299166,1240.0,forward
0.2970543527855338,1.2669696139396394,1240.0,forward
0.2657440621692062,1.1576126509718212,1240.0,forward
0.22400229268152555,1.0521026998501024,1240.0,forward
0.18261340518063915,0.9686378051192345,1240.0,forward
0.15109509632036855,0.9130567522022096,1240.0,forward
0.12804433499862267,0.8753803119190926,1240.0,forward
0.11148480519081051,0.8495257542249356,1240.0,forward
0.1,0.8321006084988988,1240.0,forward
0.0884055536892529,0.8148834553682675,1240.0,backward
0.07128980637797015,0.7900810982950027,1240.0,backward
0.046614501699388904,0.7554428799237873,1240.0,backward
0.010970307219467063,0.7073320032215176,1240.0,backward
0.0,0.6929112613599792,1240.0,backward
NaN,NaN,NaN,
0.2877866468528592,2.929589595293433,1260.0,forward
0.29251916913650455,2.82984045569233,1260.0,forward
0.29731628255973597,2.731215262384074,1260.0,forward
0.30215973158931786,2.6336374232316104,1260.0,forward
0.30702429360637357,2.53701779603479,1260.0,forward
0.3118752678171482,2.441252057342083,1260.0,forward
0.31666491996480906,2.3462172055615835,1260.0,forward
0.32132736932927863,2.2517668651676823,1260.0,forward
0.3257711077537877,2.157724918144991,1260.0,forward
0.3298678464942671,2.063876794109316,1260.0,forward
0.33343554622886035,1.969957515898216,1260.0,forward
0.33621209208148034,1.8756352911452148,1260.0,forward
0.3378135760048047,1.780489697242992,1260.0,forward
0.337667417070526,1.683984708492225,1260.0,forward
0.33490543152649427,1.585444143280817,1260.0,forward
0.3282021269095581,1.4840661312166035,1260.0,forward
0.31558668065517165,1.3791259140374494,1260.0,forward
0.2944961921311402,1.2707961718684948,1260.0,forward
0.26282842611889445,1.1616562975801379,1260.0,forward
0.22089223160156654,1.0564426058002006,1260.0,forward
0.18056501343731193,0.9752514596268017,1260.0,forward
0.14992610604076545,0.9210712743941262,1260.0,forward
0.12753362316084618,0.8842988263341357,1260.0,forward
0.1114501942750483,0.8590463753273733,1260.0,forward
0.1,0.8415729581977832,1260.0,forward
0.0884379877070931,0.824308097775166,1260.0,backward
0.07136592217164156,0.799437515535685,1260.0,backward
0.046746015769622985,0.7647059851374814,1260.0,backward
0.011168997605524473,0.7164711593262842,1260.0,backward
0.0,0.701730270744747,1260.0,backward
NaN,NaN,NaN,
0.2877007361265698,2.938699808387751,1280.0,forward
0.29239875400779813,2.8390662868012178,1280.0,forward
0.29715727035061495,2.740538517057073,1280.0,forward
0.301957542660164,2.6430403305546872,1280.0,forward
0.30677379777245417,2.546483133020567,1280.0,forward
0.31157071706382206,2.4507632991190116,1280.0,forward
0.3162998823565804,2.355758715892275,1280.0,forward
0.3208946745574289,2.2613241503266437,1280.0,forward
0.3252628255538919,2.1672849813847397,1280.0,forward
0.3292753403687945,2.0734286519452314,1280.0,forward
0.33274969224161266,1.9794929666181666,1280.0,forward
0.3354238036982875,1.8851501801275496,1280.0,forward
0.33691505654874937,1.7899858006836755,1280.0,forward
0.33665475917139265,1.693472955242135,1280.0,forward
0.3337840952279373,1.5949496823281546,1280.0,forward
0.3269979860254882,1.493635382504685,1280.0,forward
0.31436555083404816,1.3888290540431576,1280.0,forward
0.2933814755278869,1.280691652248969,1280.0,forward
0.2619638572934822,1.1716892393943192,1280.0,forward
0.22034154775231649,1.0664346239860494,1280.0,forward
0.18025047664234667,0.9850969427371908,1280.0,forward
0.14975192800724166,0.930784274657839,1280.0,forward
0.1274447969140714,0.893913596577984,1280.0,forward
0.11141518915066881,0.8685918494051612,1280.0,forward
0.1,0.851070194597778,1280.0,forward
0.08847079483143622,0.833757689842459,1280.0,backward
0.07144293930655021,0.8088188778226141,1280.0,backward
0.046879135029289906,0.7739938701958343,1280.0,backward
0.011370181231866594,0.7256346344145783,1280.0,backward
0.0,0.710567557924512,1280.0,backward
NaN,NaN,NaN,
0.2876061834974858,2.947911852987996,1300.0,forward
0.2922696697352437,2.8483856781671437,1300.0,forward
0.29698960566293625,2.7499476238178695,1300.0,forward
0.3017467714552335,2.6525219467906958,1300.0,forward
0.30651485556034114,2.5560205998928454,1300.0,forward
0.3112579369453277,2.4603406524199825,1300.0,forward
0.3159269331553762,2.3653608738811713,1300.0,forward
0.32045451181384443,2.270937164630765,1300.0,forward
0.3247476768925283,2.176896387566846,1300.0,forward
0.32867676783793476,2.0830279797535955,1300.0,forward
0.3320588160372874,1.9890725099221913,1300.0,forward
0.3346318565106369,1.8947061942740584,1300.0,forward
0.33601460844785297,1.7995204155141529,1300.0,forward
0.33564231372441006,1.7029972608300998,1300.0,forward
0.3326654596754036,1.6044886175194573,1300.0,forward
0.32579899560131836,1.503234408368382,1300.0,forward
0.31315081529997046,1.3985562975896555,1300.0,forward
0.29227128668104757,1.290604257421567,1300.0,forward
0.2610994113592954,1.1817367285837679,1300.0,forward
0.21978830111373,1.076444802386051,1300.0,forward
0.17993346361213797,0.9949641663272486,1300.0,forward
0.14957607532864248,0.9405207134799864,1300.0,forward
0.12735501864163318,0.903552538054774,1300.0,forward
0.11137976743851488,0.8781618089479262,1300.0,forward
0.1,0.8605918100157989,1300.0,forward
0.08850395100640784,0.8432318887233544,1300.0,backward
0.07196062731622122,0.8188636406447726,1300.0,backward
0.04809557286000904,0.7848214677613309,1300.0,backward
0.013593168571915226,0.7375292746522397,1300.0,backward
0.0,0.7194228762340522,1300.0,backward
NaN,NaN,NaN,
0.2875029091018615,2.957221153844255,1320.0,forward
0.2921318403576706,2.8577944871152225,1320.0,forward
0.2968132161334591,2.759438849724918,1320.0,forward
0.30152734885281735,2.6620789254345008,1320.0,forward
0.3062474006505726,2.5656272130608757,1320.0,forward
0.3109368633780585,2.46998147300849,1320.0,forward
0.3155460097515179,2.3750213512484435,1320.0,forward
0.32000681890497784,2.280603872669552,1320.0,forward
0.32422559848369015,2.1865573715525985,1320.0,forward
0.32807206233258857,2.0926732607608263,1320.0,forward
0.33136284958164713,1.998694844376613,1320.0,forward
0.33383616626803647,1.904302251243062,1320.0,forward
0.33511212949252905,1.8090926487206231,1320.0,forward
0.3346299514897795,1.7125569081032557,1320.0,forward
0.3315493591770497,1.6140604057084857,1320.0,forward
0.32460495503903675,1.5128628694782793,1320.0,forward
0.31194228969835736,1.4083075965074225,1320.0,forward
0.2911655925120484,1.300534246261717,1320.0,forward
0.2602352425474074,1.1917990071185443,1320.0,forward
0.21923267471425298,1.0864731819236513,1320.0,forward
0.1796141217649103,1.0048531038004564,1320.0,forward
0.14939867593895628,0.9502805640116878,1320.0,forward
0.12726440918447457,0.913215634235371,1320.0,forward
0.11134404703297836,0.8877562451253174,1320.0,forward
0.1,0.8701385303070034,1320.0,forward
0.08853754450683743,0.852730872872188,1320.0,backward
0.07203837837547555,0.8282961558985489,1320.0,backward
0.04822959737931229,0.7941625098686285,1320.0,backward
0.013795810405906566,0.746747837172331,1320.0,backward
0.0,0.7282960032528235,1320.0,backward
NaN,NaN,NaN,
0.2873908718132046,2.9666230621140293,1340.0,forward
0.2919852290429579,2.8672884744744,1340.0,forward
0.2966280688828865,2.7690083433113624,1340.0,forward
0.30129924550542925,2.671707780326348,1340.0,forward
0.30597140668808737,2.575299829027798,1340.0,forward
0.3106074722831631,2.4796829373351224,1340.0,forward
0.31515708936398035,2.3847376217450944,1340.0,forward
0.31955157297856074,2.2903220230636565,1340.0,forward
0.32369656545464565,2.1962659346988915,1340.0,forward
0.3274611941450317,2.1023627273414354,1340.0,forward
0.33066175422758826,2.008358412189128,1340.0,forward
0.3330366793874307,1.9139369826920378,1340.0,forward
0.3342075425085876,1.818701302541846,1340.0,forward
0.33361755982424945,1.7221508547646531,1340.0,forward
0.3304356319052919,1.6236641555317617,1340.0,forward
0.323415647889064,1.522520050642148,1340.0,forward
0.3107397416173602,1.418082492397041,1340.0,forward
0.29006426173567446,1.3104814402473641,1340.0,forward
0.25937135453361115,1.201875892122779,1340.0,forward
0.21867466402201202,1.0965194089275863,1340.0,forward
0.17929238872041683,1.0147633563751732,1340.0,forward
0.149219635756589,0.9600634418357307,1340.0,forward
0.12717286036860062,0.9229025207144658,1340.0,forward
0.11130791445162944,0.8973748105545776,1340.0,forward
0.1,0.8797092835404534,1340.0,forward
0.08857146841075224,0.8622542235414214,1340.0,backward
0.07211697640920206,0.837753070463415,1340.0,backward
0.048365164406375796,0.8035278399747,1340.0,backward
0.014000883928023502,0.7559902976838895,1340.0,backward
0.0,0.7371867375652491,1340.0,backward
NaN,NaN,NaN,
0.2872700357521804,2.976113506873445,1360.0,forward
0.29182980413625886,2.8768639505303018,1360.0,forward
0.2964341362084044,2.7786527753957597,1360.0,forward
0.30106243732485877,2.6814055217976134,1360.0,forward
0.3056868527630829,2.585035776440188,1360.0,forward
0.3102697453431362,2.4894426711534954,1360.0,forward
0.3147601554563098,2.394507587157087,1360.0,forward
0.3190887581315108,2.300089772805587,1360.0,forward
0.3231605608837956,2.206020468765209,1360.0,forward
0.3268441429301079,2.1120949860440574,1360.0,forward
0.3299555026827454,2.0180620153513336,1360.0,forward
0.33223335647296764,1.9236093676127082,1360.0,forward
0.3333007885876154,1.8283455162118047,1360.0,forward
0.3326050503069343,1.7317783874356287,1360.0,forward
0.3293241490115948,1.6332992986456862,1360.0,forward
0.32223090317632025,1.5322055546324083,1360.0,forward
0.3095429995603894,1.4278808365232545,1360.0,forward
0.28896723916623007,1.3204459617748379,1360.0,forward
0.25850784797473686,1.2119675055289603,1360.0,forward
0.2181143878003768,1.1065834286993814,1360.0,forward
0.17896834151064728,1.0246948090498542,1360.0,forward
0.1490390078309137,0.9698692351506618,1360.0,forward
0.12708041528637998,0.9326130985628243,1360.0,forward
0.1112714087357075,0.9070174169030181,1360.0,forward
0.1,0.8893042402140927,1360.0,forward
0.08860576387521789,0.8718018738682072,1360.0,backward
0.07219646322569383,0.8472343275924147,1360.0,backward
0.04850231901965193,0.8129174144717044,1360.0,backward
0.014208441145091507,0.7652566270316413,1360.0,backward
0.0,0.746094897627691,1360.0,backward
NaN,NaN,NaN,
0.2871403893408129,2.9856885152527135,1380.0,forward
0.29166555846507086,2.886517302074295,1380.0,forward
0.2962314150595728,2.7883688726659615,1380.0,forward
0.3008169250215002,2.6911691963413045,1380.0,forward
0.30539374286777443,2.594832401349086,1380.0,forward
0.30992368917970065,2.499258299790016,1380.0,forward
0.31435521636963565,2.4043291319048663,1380.0,forward
0.3186183831337395,2.3099052454214775,1380.0,forward
0.3226175921148391,2.21581931666768,1380.0,forward
0.3262209119132314,2.121868579831297,1380.0,forward
0.3292440901244386,2.027804377978523,1380.0,forward
0.3314261789227129,1.933318293108176,1380.0,forward
0.33239182711890575,1.8380243230650382,1380.0,forward
0.3315923491262816,1.7414386724682258,1380.0,forward
0.3282147907514191,1.6429651310753757,1380.0,forward
0.3210505503685642,1.54191883072898,1380.0,forward
0.30835187714907614,1.4377023038374181,1380.0,forward
0.28787442840103794,1.3304277376036362,1380.0,forward
0.25764475539098164,1.2220737811960622,1380.0,forward
0.21755188041135137,1.1166650153653375,1380.0,forward
0.17864196295536797,1.0346471853367585,1380.0,forward
0.14885674516823758,0.9796976766936273,1380.0,forward
0.126987013515997,0.9423471175205693,1380.0,forward
0.11123446438360234,0.9166838290621117,1380.0,forward
0.1,0.8989226554636528,1380.0,forward
0.0886403292124743,0.8813735594269941,1380.0,backward
0.07227673681463917,0.8567396778673548,1380.0,backward
0.04864096014565669,0.8223310015762915,1380.0,backward
0.014418385339789064,0.7745466135590475,1380.0,backward
0.0,0.7550203198699909,1380.0,backward
NaN,NaN,NaN,
0.2870019132272745,2.995344862145919,1400.0,forward
0.29149247690174546,2.8962456366751685,1400.0,forward
0.2960198943561884,2.7981540569100316,1400.0,forward
0.300562701335843,2.700996521293081,1400.0,forward
0.30509207325920507,2.6046876978776563,1400.0,forward
0.3095693031404931,2.5091280754712395,1400.0,forward
0.31394227393252555,2.4142007478094065,1400.0,forward
0.3181404514053629,2.319767154128165,1400.0,forward
0.3220676628513063,2.2256613952145963,1400.0,forward
0.32559150314447766,2.1316826118203096,1400.0,forward
0.32852751408299663,2.0375847728844296,1400.0,forward
0.33061513554259164,1.943063186055994,1400.0,forward
0.3314806321847008,1.8477372901772735,1400.0,forward
0.33057940775799316,1.7511314071947686,1400.0,forward
0.3271074781590409,1.6526614805034712,1400.0,forward
0.31987448202587193,1.5516598628765164,1400.0,forward
0.3071662808815407,1.4475471050494124,1400.0,forward
0.28678586097330416,1.3404272285523577,1400.0,forward
0.2567822801715539,1.232195188948921,1400.0,forward
0.21698739328589717,1.1267644643421395,1400.0,forward
0.17831348220502052,1.0446207046282505,1400.0,forward
0.14867306200607444,0.9895489762268073,1400.0,forward
0.12689286410156658,0.9521047919495054,1400.0,forward
0.11119728699925659,0.9263742631938547,1400.0,forward
0.1,0.9085663000138925,1400.0,forward
0.08867546405937625,0.8909696466917909,1400.0,backward
0.07235809869913769,0.8662694884728732,1400.0,backward
0.04878139656485316,0.8317689733346401,1400.0,backward
0.014631036956743601,0.7838606334026368,1400.0,backward
0.0,0.7639628571598829,1400.0,backward
NaN,NaN,NaN,
0.29131059027539713,2.9060455617317245,1420.0,forward
0.295799609258879,2.808005237631927,1420.0,forward
0.30029980536981515,2.7108846899585823,1420.0,forward
0.30478188644769616,2.614599124693389,1420.0,forward
0.30920663240520957,2.5190497037299213,1420.0,forward
0.3135213749535368,2.4241203688195103,1420.0,forward
0.31765500990454915,2.329673642940109,1420.0,forward
0.3215108180773328,2.235545040310414,1420.0,forward
0.32495595656772364,2.141535591789073,1420.0,forward
0.32780580500842327,2.047401866015743,1420.0,forward
0.329800245852255,1.9528428345668785,1420.0,forward
0.3305671930999699,1.8574833447961143,1420.0,forward
0.32956617770422425,1.7608556281052223,1420.0,forward
0.32600211000897755,1.662387488260048,1420.0,forward
0.3187025352893109,1.5614279171084215,1420.0,forward
0.30598601152046967,1.4574146948299163,1420.0,forward
0.28570138968999176,1.3504441084515557,1420.0,forward
0.25592036533663726,1.2423314210752316,1420.0,forward
0.2164208505811669,1.1368813341225679,1420.0,forward
0.1779827595700186,1.0546148871470877,1420.0,forward
0.14848778101230978,0.9994226703761317,1420.0,forward
0.12679777146025187,0.9618856805405983,1420.0,forward
0.11115967460936059,0.9360882993668389,1420.0,forward
0.1,0.9182332186287523,1420.0,forward
0.08871086730119304,0.9005896004792714,1420.0,backward
0.07244024605986962,0.8758232462871391,1420.0,backward
0.04892332297035116,0.8412308406122315,1420.0,backward
0.014846091311221395,0.793198225631077,1420.0,backward
0.0,0.7729223774178233,1420.0,backward
NaN,NaN,NaN,
0.29111991842689744,2.915914372951553,1440.0,forward
0.29557058382445944,2.817919989850538,1440.0,forward
0.30002826513646813,2.72083153966429,1440.0,forward
0.30446321404054766,2.6245647643550063,1440.0,forward
0.3088357116600625,2.5290214953304986,1440.0,forward
0.3130925564557098,2.4340865170096118,1440.0,forward
0.31716209691323183,2.3396234285645656,1440.0,forward
0.32094709576112235,2.2454691468756316,1440.0,forward
0.32431430753271023,2.1514265768290515,1440.0,forward
0.327078992259878,2.0572548609399175,1440.0,forward
0.32898151799766256,1.962656607861869,1440.0,forward
0.3296515104496431,1.8672619404067856,1440.0,forward
0.32855263241635163,1.7706108969067704,1440.0,forward
0.3248986226931819,1.6721428233254014,1440.0,forward
0.3175346075865911,1.5712227920484605,1440.0,forward
0.30481096076188147,1.4673050639850718,1440.0,forward
0.28462099510528527,1.3604785873039624,1440.0,forward
0.2550591257031182,1.2524827065877076,1440.0,forward
0.21585239459424932,1.1470157044357372,1440.0,forward
0.1776499029669076,1.0646297488751593,1440.0,forward
0.1483009874930038,1.0093187725812707,1440.0,forward
0.126701810942836,0.9716898063169915,1440.0,forward
0.1111216978048935,0.9458259685194618,1440.0,forward
0.1,0.9279239615856051,1440.0,forward
0.08874663707709418,0.9102335106189734,1440.0,backward
0.0725232774705648,0.8854010489094805,1440.0,backward
0.04906684171936831,0.8507167123025025,1440.0,backward
0.015063658631469452,0.8025595114207411,1440.0,backward
0.0,0.7818987623658952,1440.0,backward
NaN,NaN,NaN,
0.2909204968374908,2.925849434769849,1460.0,forward
0.295332857809081,2.8278959418433156,1460.0,forward
0.2997481243871094,2.730834946278487,1460.0,forward
0.3041361033895997,2.6345827240075828,1460.0,forward
0.308456591294301,2.5390417724000995,1460.0,forward
0.31265587105445036,2.44409771330669,1460.0,forward
0.3166617660989455,2.349615214705709,1460.0,forward
0.32037654891479106,2.255432585605792,1460.0,forward
0.32366660590744645,2.161354589101649,1460.0,forward
0.32634711893364793,2.0671429161717265,1460.0,forward
0.3281589883620061,1.9725037688243263,1460.0,forward
0.3287335958307786,1.8770724657117708,1460.0,forward
0.3275387540856211,1.7803967006195838,1460.0,forward
0.3237969580524608,1.6819270695536699,1460.0,forward
0.3163705966343347,1.5810441890772569,1460.0,forward
0.3036410111077446,1.4772180903167225,1460.0,forward
0.28354463137360103,1.370530747775343,1460.0,forward
0.25419863133572623,1.2626491513075393,1460.0,forward
0.21528211239010514,1.1571675439591815,1460.0,forward
0.17731495898854194,1.0746652010058302,1460.0,forward
0.14811270157880635,1.019237195093869,1460.0,forward
0.1266049903331449,0.9815170936290285,1460.0,forward
0.1110833589672209,0.9555872060369446,1460.0,forward
0.1,0.9376384772620219,1460.0,forward
0.08878277293939495,0.9199013301421822,1460.0,backward
0.07260719224108805,0.8950028606562628,1460.0,backward
0.04921195419405209,0.8602265671683421,1460.0,backward
0.015283746301723477,0.8119444858450525,1460.0,backward
0.0,0.7908919063958554,1460.0,backward
NaN,NaN,NaN,
0.2907123760503773,2.935848149744935,1480.0,forward
0.2950864860531689,2.8379307457848286,1480.0,forward
0.29945944195029706,2.740892796033559,1480.0,forward
0.30380061687441384,2.6446511083083877,1480.0,forward
0.3080693366140879,2.5491088424090638,1480.0,forward
0.3122113860876316,2.454152452445992,1480.0,forward
0.31615408554162455,2.3596476679491447,1480.0,forward
0.3197992444968714,2.265434179678372,1480.0,forward
0.32301291482919003,2.1713185933085293,1480.0,forward
0.3256102404310961,2.0770651231428787,1480.0,forward
0.3273326989689737,1.9823835212871797,1480.0,forward
0.32781346991374766,1.8869142237075087,1480.0,forward
0.3265245313620911,1.7902124311600118,1480.0,forward
0.3226970606876479,1.6917397057390067,1480.0,forward
0.31521039729941513,1.5908916929440045,1480.0,forward
0.302476032368027,1.4871535199928496,1480.0,forward
0.28247222262204663,1.380600527005105,1480.0,forward
0.2533389032663743,1.2728307186966275,1480.0,forward
0.2147100300647812,1.1673366905658025,1480.0,forward
0.1769779059604377,1.0847210304675903,1480.0,forward
0.14792287052950165,1.029177729903531,1480.0,forward
0.12650724168160718,0.99136734941966,1480.0,forward
0.11104458381542201,0.9653718333390735,1480.0,forward
0.1,0.9473761762545843,1480.0,forward
0.08881919966884298,0.9295929073046268,1480.0,backward
0.07269191445316615,0.9046285441131152,1480.0,backward
0.04935858507584005,0.8697602847231367,1480.0,backward
0.01550628339985019,0.8213530479495467,1480.0,backward
0.0,0.7999017155439285,1480.0,backward
NaN,NaN,NaN,
0.2904955901281826,2.9459086340452396,1500.0,forward
0.29483150684568227,2.8480227478938067,1500.0,forward
0.2991622601871351,2.7510036508233866,1500.0,forward
0.30345680069245967,2.654768680468721,1500.0,forward
0.3076739972948407,2.5592216556160463,1500.0,forward
0.31175915416538597,2.4642498576478586,1500.0,forward
0.3156391099693141,2.369720070624443,1500.0,forward
0.3192152381315005,2.2754733569871437,1500.0,forward
0.32235328900213256,2.1813181497551204,1500.0,forward
0.3248684078576836,2.0870211619066756,1500.0,forward
0.3265026934373964,1.9922956531780853,1500.0,forward
0.3268911633886409,1.8967870998203549,1500.0,forward
0.32550997504462015,1.8000580644786042,1500.0,forward
0.3215989148740025,1.7015807998194712,1500.0,forward
0.3140539691440348,1.6007654853178102,1500.0,forward
0.30131599285775573,1.4971117030592447,1500.0,forward
0.2814038328822904,1.3906884692062245,1500.0,forward
0.2524801515718519,1.283027980330946,1500.0,forward
0.21413641459452246,1.1775235750122164,1500.0,forward
0.176638997524191,1.094797590726295,1500.0,forward
0.14773173513892,1.0391407150222727,1500.0,forward
0.12640880081482853,1.001240912765801,1500.0,forward
0.11100560452822088,0.9751801890225346,1500.0,forward
0.1,0.9571386529309653,1500.0,forward
0.08885613572337846,0.9393085639027206,1500.0,backward
0.07277766286166124,0.9142784231162014,1500.0,backward
0.049506958809878744,0.8793181960865051,1500.0,backward
0.01573150469331794,0.8307855361973682,1500.0,backward
0.0,0.8089281065607283,1500.0,backward
NaN,NaN,NaN,
0.29027021677172055,2.9560283310509763,1520.0,forward
0.2945680021924117,2.8581696158378156,1520.0,forward
0.2988566650371194,2.7611653882923703,1520.0,forward
0.3031047441904617,2.6649335137187036,1520.0,forward
0.30727066534271136,2.5693784664195816,1520.0,forward
0.3112992688888596,2.4743883500703516,1520.0,forward
0.31511693305933886,2.37983099628595,1520.0,forward
0.31862462139961445,2.285548829158639,1520.0,forward
0.32168781479379405,2.191352093856769,1520.0,forward
0.32412169789500656,2.0970099774700626,1520.0,forward
0.3256690323640857,2.0022392051376565,1520.0,forward
0.32596671176351705,1.906690217194655,1520.0,forward
0.3244950834643257,1.8099327956253952,1520.0,forward
0.3205024676337576,1.7114496155804537,1520.0,forward
0.31290119851096565,1.6106649147258036,1520.0,forward
0.30016073491741907,1.5070921219415356,1520.0,forward
0.28033932581688514,1.4007942219574496,1520.0,forward
0.25162229996345437,1.2932406152035107,1520.0,forward
0.21356117093122273,1.187727772894539,1520.0,forward
0.1762980764322442,1.1048944195433228,1520.0,forward
0.1475390980313847,1.0491257012344872,1520.0,forward
0.12630944949121883,1.0111373550484992,1520.0,forward
0.11096619471972477,0.9850118658026159,1520.0,forward
0.1,0.9669242594565107,1520.0,forward
0.08889335924351088,0.9490479403387511,1520.0,backward
0.07286421403565202,0.9239521584292599,1520.0,backward
0.04965684964868315,0.8888999838240395,1520.0,backward
0.015959185648652684,0.8402416590402958,1520.0,backward
0.0,0.8179710060665529,1520.0,backward
NaN,NaN,NaN,
0.2900363156105269,2.966205372831362,1540.0,forward
0.2942960359363947,2.8683696883301835,1540.0,forward
0.2985427243370001,2.7713765405896607,1540.0,forward
0.3027445188714733,2.6751443204226466,1540.0,forward
0.30685941544136197,2.579578154244946,1540.0,forward
0.3108318074073153,2.484566963155302,1540.0,forward
0.3145876333779043,2.3899796194987,1540.0,forward
0.3180274727512625,2.2956598991817274,1540.0,forward
0.3210165683049889,2.201419844564987,1540.0,forward
0.32337018105424137,2.107031092620094,1540.0,forward
0.3248317760279741,2.0122137922195678,1540.0,forward
0.32504015861760843,1.916623272752238,1540.0,forward
0.32347987511637954,1.819836396040149,1540.0,forward
0.31940770364304716,1.7213459992815863,1540.0,forward
0.3117520344071926,1.620589920991958,1540.0,forward
0.299010197553706,1.517094858689589,1540.0,forward
0.2792787038334516,1.4109180367772687,1540.0,forward
0.25076546038033165,1.3034689065776541,1540.0,forward
0.21298444376532868,1.1979494484265036,1540.0,forward
0.17595525949114987,1.1150116171470539,1540.0,forward
0.14734505407102882,1.0591327813851419,1540.0,forward
0.12620927192463385,1.0210567758702478,1540.0,forward
0.11092643313938429,0.9948669697211245,1540.0,forward
0.1,0.9767335286812807,1540.0,forward
0.08893094246047713,0.9588111495731783,1540.0,backward
0.07295163964861506,0.9336498710970031,1540.0,backward
0.04980833203581571,0.8985057811253282,1540.0,backward
0.016189407841439834,0.8497215633629155,1540.0,backward
0.0,0.8270303497834285,1540.0,backward
NaN,NaN,NaN,
0.28979395778863515,2.9764378874107904,1560.0,forward
0.29401568341530965,2.878621289603555,1560.0,forward
0.29822051736502264,2.78163561546927,1560.0,forward
0.3023762075801282,2.685399779158881,1560.0,forward
0.30644033345374444,2.5898195558272494,1560.0,forward
0.3103568578022766,2.4947846792149413,1560.0,forward
0.3140513000632208,2.4001650556846603,1560.0,forward
0.31742388069778604,2.3058058032603572,1560.0,forward
0.32033963498359624,2.2115207467022198,1560.0,forward
0.32261393621154655,2.117083948868572,1560.0,forward
0.323990991727169,2.022218941158833,1560.0,forward
0.32411155271354697,1.926585868095143,1560.0,forward
0.3224643711620119,1.8297685345889916,1560.0,forward
0.3183146067179966,1.7312696867789752,1560.0,forward
0.3106064197004523,1.6305403242820082,1560.0,forward
0.2978643046772907,1.527119863685829,1560.0,forward
0.2782219389392471,1.421060022056323,1560.0,forward
0.24990969681696132,1.313712996312983,1560.0,forward
0.21240631799406492,1.208188634814325,1560.0,forward
0.17561059665276654,1.1251491593312766,1560.0,forward
0.14714962686596528,1.0691619278284061,1560.0,forward
0.12610827831042803,1.0309991571050736,1560.0,forward
0.1108863236118205,1.0047454924221495,1560.0,forward
0.1,0.9865664554358076,1560.0,forward
0.08896888250921257,0.9685981958724438,1560.0,backward
0.07303993577825099,0.943371576482841,1560.0,backward
0.049961403311226255,0.908135617998001,1560.0,backward
0.0164221740909911,0.8592252961410787,1560.0,backward
0.0,0.8361060818356725,1560.0,backward
NaN,NaN,NaN,
0.28954321943999145,2.986724121886673,1580.0,forward
0.2937270249135777,2.888922852067213,1580.0,forward
0.29789012830413786,2.791941218560583,1580.0,forward
0.3019998980245051,2.6956986566704635,1580.0,forward
0.3060135100637431,2.600101586963591,1580.0,forward
0.3098745129329653,2.5050405511090217,1580.0,forward
0.31350802698782715,2.410386482882203,1580.0,forward
0.31681393844304373,2.31598583284661,1580.0,forward
0.31965710493920424,2.221654193537508,1580.0,forward
0.321853046896881,2.1271680299115094,1580.0,forward
0.3231467514590103,2.0322542151253398,1580.0,forward
0.3231809476538011,1.9365776359717866,1580.0,forward
0.32144859791986136,1.8397289064434978,1580.0,forward
0.3172231663889429,1.7412204355885517,1580.0,forward
0.3094643035954548,1.6405159611991733,1580.0,forward
0.29672298605073155,1.5371670963757869,1580.0,forward
0.2771690052223197,1.4312202874402815,1580.0,forward
0.2490550710836639,1.3239730286545768,1580.0,forward
0.21182687669595826,1.218445372728777,1580.0,forward
0.1752641370005825,1.1353070296192482,1580.0,forward
0.14695283915155838,1.0792131198890715,1580.0,forward
0.1260064777309035,1.0409644871408175,1580.0,forward
0.11084586866721584,1.0146474319087375,1580.0,forward
0.1,0.9964230487523068,1580.0,forward
0.08900717808969631,0.9784090947666051,1580.0,backward
0.07312909996103135,0.9531173011709904,1580.0,backward
0.05011606213223438,0.9177895356408508,1580.0,backward
0.016657488447948367,0.8687529156057076,1580.0,backward
0.0,0.8451981541125888,1580.0,backward
NaN,NaN,NaN,
0.2892841809188541,2.997062438250501,1600.0,forward
0.2934301448862289,2.899272912809171,1600.0,forward
0.29755164546017426,2.802292050516483,1600.0,forward
0.3016156819883938,2.7060398056418813,1600.0,forward
0.3055790399854816,2.610423240867685,1600.0,forward
0.3093848696444428,2.515333701155028,1600.0,forward
0.3129579119689157,2.4206431411807117,1600.0,forward
0.3161977431031297,2.3261993345912693,1600.0,forward
0.31896907217769666,2.2318196271869772,1600.0,forward
0.3210876005545391,2.13728286248613,1600.0,forward
0.322299131218334,2.042319215049825,1600.0,forward
0.3222484041450144,1.9465982257325771,1600.0,forward
0.32043258632642646,1.8497172352923699,1600.0,forward
0.3161333774953408,1.7511980275486565,1600.0,forward
0.3083256414311153,1.650516687950283,1600.0,forward
0.2955861774451021,1.5472365290771697,1600.0,forward
0.27611987965447155,1.4413989481955551,1600.0,forward
0.2482016442321431,1.3342491543655584,1600.0,forward
0.21124620289201895,1.2287197140566573,1600.0,forward
0.17491593077134573,1.1454852228877292,1600.0,forward
0.14675471497589312,1.0892863473622993,1600.0,forward
0.1259038804340961,1.0509527642765537,1600.0,forward
0.11080507181973902,1.0245727957771786,1600.0,forward
0.1,1.0063033223825122,1600.0,forward
0.08904582676419624,0.9882438681290815,1600.0,backward
0.07321912839610568,0.9628870780371628,1600.0,backward
0.05027230561865875,0.9274675816061153,1600.0,backward
0.01689535326966608,0.8783044865286561,1600.0,backward
0.0,0.8543065256868617,1600.0,backward
NaN,NaN,NaN,
0.2931251315902142,2.90967010265194,1620.0,forward
0.2972051608853491,2.8126868967313556,1620.0,forward
0.30122365494599346,2.7164221550329715,1620.0,forward
0.3051370215654908,2.6207835790992053,1620.0,forward
0.3088880283551675,2.5256633126110986,1620.0,forward
0.3124010563384353,2.430934324720066,1620.0,forward
0.3155753952534877,2.336445702800661,1620.0,forward
0.31827563412069754,2.2420165315522538,1620.0,forward
0.3203176880309056,2.1474280096682867,1620.0,forward
0.32144821044362226,2.0524135732080904,1620.0,forward
0.32131397760601627,1.9566473633934742,1620.0,forward
0.319416371235686,1.8597332675792122,1620.0,forward
0.3150452393698279,1.7612022633122462,1620.0,forward
0.30719039370943735,1.6605423750976323,1620.0,forward
0.2944538195203204,1.557328142095939,1620.0,forward
0.27507454093091277,1.4515961206629986,1620.0,forward
0.24734947523061176,1.3445415259758415,1620.0,forward
0.2106643778097551,1.2390117170878046,1620.0,forward
0.17456602737295132,1.1556837407524694,1620.0,forward
0.14655527760109427,1.0993816060498272,1620.0,forward
0.12580049566505852,1.0609639923517196,1620.0,forward
0.1107639354045136,1.03452159699352,1620.0,forward
0.1,1.0162073027710283,1620.0,forward
0.0890848275122647,0.9981025477676246,1620.0,backward
0.07331001858563184,0.9726809498428239,1620.0,backward
0.05043013203977783,0.9371698133030335,1620.0,backward
0.017135771958741497,0.8878800836156048,1620.0,backward
0.0,0.8634311622832025,1620.0,backward
NaN,NaN,NaN,
0.29281207615961974,2.920113150131056,1640.0,forward
0.2968507694529581,2.8231246318180707,1640.0,forward
0.30082391513905393,2.726844715041821,1640.0,forward
0.3046875558683515,2.6311817369820254,1640.0,forward
0.3083840921576379,2.536028635535481,1640.0,forward
0.3118375640675735,2.441259387978781,1640.0,forward
0.3149469980915177,2.3467243861550897,1640.0,forward
0.3175768908244823,2.252244439409405,1640.0,forward
0.3195434028682515,2.1576030784513325,1640.0,forward
0.32059407142436275,2.062536961267979,1640.0,forward
0.32037773569188344,1.9667247596037343,1640.0,forward
0.31839999121723,1.8697767814154576,1640.0,forward
0.3139587559548863,1.7712329717663036,1640.0,forward
0.3060585266680374,1.6705929175638898,1640.0,forward
0.2933258590943505,1.5674419344558124,1640.0,forward
0.274032971809452,1.4618119336232263,1640.0,forward
0.2464986244659691,1.3548503089882311,1640.0,forward
0.21008148529432014,1.249321457200749,1640.0,forward
0.1742144804520253,1.165902601868009,1640.0,forward
0.14635455496528155,1.1094989077324475,1640.0,forward
0.12569633735796776,1.0709981904705785,1640.0,forward
0.11072246627155431,1.0444938632092722,1640.0,forward
0.1,1.026135005922466,1640.0,forward
0.08912417401682297,1.0079851639333954,1640.0,backward
0.07340176238176846,0.9824989577187935,1640.0,backward
0.05058953371332008,0.9468962867158429,1640.0,backward
0.017378741688787246,0.8974797805336618,1640.0,backward
0.0,0.8725720357925439,1640.0,backward
NaN,NaN,NaN,
0.2924910796503846,2.9306006947028718,1660.0,forward
0.2964885758043312,2.833604034736686,1660.0,forward
0.3004165703544783,2.7373063939597344,1660.0,forward
0.30423075319042814,2.641616741984844,1660.0,forward
0.30787317294588634,2.5464288064392364,1660.0,forward
0.3112675473466275,2.4516175664210182,1660.0,forward
0.3143126622513125,2.3570347090234454,1660.0,forward
0.3168729487380404,2.2625027540349376,1660.0,forward
0.318764843617511,2.1678075411107263,1660.0,forward
0.3197367996176312,2.072688910948556,1660.0,forward
0.31943974367565015,1.976829996790423,1660.0,forward
0.31738348227318935,1.87984740360958,1660.0,forward
0.3128739241483495,1.7812898239488406,1660.0,forward
0.30492999310707425,1.6806680445614088,1660.0,forward
0.29220221962960813,1.577577729430077,1660.0,forward
0.27299511608108407,1.4720463302362936,1660.0,forward
0.24564909460472784,1.3651754831424616,1660.0,forward
0.20949753639858118,1.2596488328619302,1660.0,forward
0.17386126113124545,1.1761416551752741,1660.0,forward
0.14615248643991655,1.1196380992770318,1660.0,forward
0.12559132706368561,1.0810552162796347,1660.0,forward
0.11068057760175112,1.0544894650934598,1660.0,forward
0.1,1.0360860100875349,1660.0,forward
0.08916381823413388,1.017891684193562,1660.0,backward
0.0734943100657497,0.9923410828431958,1660.0,backward
0.050750460302335126,0.9566469993224845,1660.0,backward
0.017624215790194558,0.9071035944494703,1660.0,backward
0.0,0.8817291238273116,1660.0,backward
NaN,NaN,NaN,
0.2921622260549159,2.9411319231131734,1680.0,forward
0.2961186676874399,2.844124420756719,1680.0,forward
0.30000171184055163,2.74780662627078,1680.0,forward
0.3037667078861421,2.652088138565496,1680.0,forward
0.3073553675870437,2.5568634706242035,1680.0,forward
0.31069110467710137,2.4620085971953176,1680.0,forward
0.3136724865864173,2.3673764915552953,1680.0,forward
0.31616390521290877,2.272791369942717,1680.0,forward
0.31798210348003375,2.1780413581938203,1680.0,forward
0.3188764803668785,2.0828694410322157,1680.0,forward
0.3185000740660633,1.9869631453459784,1680.0,forward
0.31636689798952616,1.8899452521978282,1680.0,forward
0.3117907730306832,1.7913729878807292,1680.0,forward
0.3038047983507546,1.6907679899384505,1680.0,forward
0.2910829042332095,1.5877358623129023,1680.0,forward
0.27196103061461563,1.4822997702506373,1680.0,forward
0.2448010406981224,1.3755175463024012,1680.0,forward
0.20891273707875826,1.2699942518062233,1680.0,forward
0.17350656596201824,1.186401240442917,1680.0,forward
0.14594925385334304,1.1297995024368865,1680.0,forward
0.1254856386004152,1.0911353909532622,1680.0,forward
0.11063843789719736,1.0645087240281552,1680.0,forward
0.1,1.0460612134428817,1680.0,forward
0.08920384240837358,1.0278222979056122,1680.0,backward
0.07358774159986445,1.0022075203879477,1680.0,backward
0.05091299369954272,0.9664221581355344,1680.0,backward
0.017872282845096905,0.916751746415272,1680.0,backward
0.0,0.8909024093139691,1680.0,backward
NaN,NaN,NaN,
0.2918256203558817,2.9517056388238063,1700.0,forward
0.2957411535418535,2.854684718434811,1700.0,forward
0.29957945105700956,2.7583444563354984,1700.0,forward
0.30329553380474,2.662595077612656,1700.0,forward
0.30683079141697456,2.5673318762602158,1700.0,forward
0.3101083515979282,2.4724318165186348,1700.0,forward
0.3130265850189727,2.377749148821284,1700.0,forward
0.31544986998376906,2.283109771897846,1700.0,forward
0.31719528439018757,2.1883040750941425,1700.0,forward
0.3180132027872282,2.0930781487821695,1700.0,forward
0.3175587963624917,1.997123846486767,1700.0,forward
0.31535027963000906,1.9000700067685192,1700.0,forward
0.31070930642143035,1.8014821817026776,1700.0,forward
0.30268290419902283,1.7008925235231118,1700.0,forward
0.28996784622166083,1.5979161874256766,1700.0,forward
0.2709306655165991,1.4925722169775237,1700.0,forward
0.24395446685006691,1.3858764987728052,1700.0,forward
0.2083271016306025,1.280357640656439,1700.0,forward
0.17315037231916972,1.1966812351154879,1700.0,forward
0.14574480371006246,1.1399829907394186,1700.0,forward
0.12537920068943437,1.1012385974774639,1700.0,forward
0.1105959672672153,1.0745515350919383,1700.0,forward
0.1,1.0560602375472246,1700.0,forward
0.08924420174364144,1.0377769904725564,1700.0,backward
0.07368201013958907,1.012098268981839,1700.0,backward
0.051077086120785306,0.9762217779868623,1700.0,backward
0.018122898495774784,0.926424271093963,1700.0,backward
0.0,0.9000918801192307,1700.0,backward
NaN,NaN,NaN,
0.29148136286247045,2.9623208666593626,1720.0,forward
0.2953561371339779,2.865284070008109,1720.0,forward
0.2991498948495403,2.7689191350521307,1720.0,forward
0.30281734031807656,2.6731369099650397,1720.0,forward
0.30629955553539157,2.577833465441602,1720.0,forward
0.30951939979273013,2.4828867491286273,1720.0,forward
0.31237506818878225,2.388152279637435,1720.0,forward
0.3147309503421895,2.2934576243261255,1720.0,forward
0.3164044870532981,2.1985954135464754,1720.0,forward
0.3171470565137185,2.103314805290916,1720.0,forward
0.31661598310848577,2.007311913683886,1720.0,forward
0.31433367513998806,1.9102215185002667,1720.0,forward
0.30962954002957854,1.8116172954283762,1720.0,forward
0.301564291538545,1.7110415876683935,1720.0,forward
0.2888570070406554,1.6081187312774186,1720.0,forward
0.2699040088247417,1.5028638041901423,1720.0,forward
0.243109426266627,1.3962525117011404,1720.0,forward
0.20774070753725896,1.290739096234098,1720.0,forward
0.17279273143777077,1.2069816810571445,1720.0,forward
0.14553916206953302,1.1501885964292127,1720.0,forward
0.12527202472143562,1.1113648734858113,1720.0,forward
0.11055317145305545,1.0846179473446167,1720.0,forward
0.1,1.0660821194403185,1720.0,forward
0.08928458597486698,1.0477553027577526,1720.0,backward
0.07377679928256242,1.0220128914115725,1720.0,backward
0.051242413858161175,0.9860454473061858,1720.0,backward
0.01837573510362582,0.9361207892579205,1720.0,backward
0.0,0.9092975287071563,1720.0,backward
NaN,NaN,NaN,
0.29112954209773756,2.97297702823828,1740.0,forward
0.29496371059221155,2.8759220060018187,1740.0,forward
0.2987131387088274,2.779530293762407,1740.0,forward
0.3023322259020348,2.683713359758051,1740.0,forward
0.30576176083539514,2.5883680471777906,1740.0,forward
0.30892435173378047,2.49337328110041,1740.0,forward
0.31171803892837485,2.398585839492223,1740.0,forward
0.3140072477314172,2.3038349446421003,1740.0,forward
0.3156098090462311,2.208915445698246,1740.0,forward
0.3162781318277702,2.113579530782152,1740.0,forward
0.3156717127577827,2.0175275096877865,1740.0,forward
0.3133171457354935,1.9203999897034238,1740.0,forward
0.3085515131192743,1.8217785736492436,1740.0,forward
0.30044897894260447,1.7212154838560967,1740.0,forward
0.28775040426956267,1.618343883555997,1740.0,forward
0.26888112686671667,1.5131750309691947,1740.0,forward
0.2422660764041599,1.4066461229992469,1740.0,forward
0.20715376588817555,1.3011390781506882,1740.0,forward
0.17243385016588372,1.217302971404107,1740.0,forward
0.1453325231108147,1.1604166922482277,1740.0,forward
0.12516429744648241,1.1215145892082141,1740.0,forward
0.11051022507355324,1.0947083175698222,1740.0,forward
0.1,1.0761309697831143,1740.0,forward
0.0893260436544182,1.0577590770714358,1740.0,backward
0.07387316631447272,1.0319531993738198,1740.0,backward
0.05141005777223043,0.995894955415875,1740.0,backward
0.01863190562835,0.9458430599034469,1740.0,backward
0.0,0.9185193518237998,1740.0,backward
NaN,NaN,NaN,
0.29077029191384374,2.983672493670278,1760.0,forward
0.29456401055567333,2.8865970077467598,1760.0,forward
0.29826932136102047,2.7901765163406234,1760.0,forward
0.30184033040151087,2.6943231046614766,1760.0,forward
0.3052175469443782,2.598934384091614,1760.0,forward
0.3083233449883927,2.5038902510514216,1760.0,forward
0.31105563020212634,2.4090487338889135,1760.0,forward
0.3132788869992105,2.314240695980349,1760.0,forward
0.31481136225220346,2.219263182870347,1760.0,forward
0.315406520997248,2.1238713753404226,1760.0,forward
0.31472604898916334,2.0277697143516105,1760.0,forward
0.31230071492088557,1.930604522813664,1760.0,forward
0.3074751956217239,1.831965139178658,1760.0,forward
0.29933687177350576,1.7314133645067709,1760.0,forward
0.28664788141009856,1.628590853462702,1760.0,forward
0.26786183007912057,1.523505188073997,1760.0,forward
0.24142422077797618,1.4170566569762026,1760.0,forward
0.2065660367402203,1.311556860948558,1760.0,forward
0.17207341546224691,1.2276443549508813,1760.0,forward
0.1451245204618668,1.1706665397513414,1760.0,forward
0.125055620488955,1.1316870278528672,1760.0,forward
0.11046672284458955,1.1048219692082362,1760.0,forward
0.1,1.086201487452208,1760.0,forward
0.0893673699073049,1.0677863516885822,1760.0,backward
0.07396989229744874,1.0419172913135786,1760.0,backward
0.05157877073249343,1.005768457942074,1760.0,backward
0.018890134789153613,0.9555893125732002,1760.0,backward
0.0,0.9277573502075666,1760.0,backward
NaN,NaN,NaN,
0.29040369522420206,2.9944069913173945,1780.0,forward
0.2941571235041468,2.897308899986676,1780.0,forward
0.29781853268315567,2.800857716681363,1780.0,forward
0.3013417468119939,2.704966140582162,1780.0,forward
0.30466700954072384,2.6095325470904,1780.0,forward
0.3077164772601644,2.5144377980250496,1780.0,forward
0.3103879407687912,2.4195411633287582,1780.0,forward
0.31254596655867284,2.32467513384021,1780.0,forward
0.31400924275736575,2.229638929500654,1780.0,forward
0.3145323150654185,2.134190686839082,1780.0,forward
0.31377907430343105,2.0380389147667346,1780.0,forward
0.31128445273427346,1.9408355424399977,1780.0,forward
0.3064006424539862,1.8421774580131187,1780.0,forward
0.29822801354609507,1.7416357517665766,1780.0,forward
0.2855494920880811,1.6388602486156945,1780.0,forward
0.2668462316450233,1.5338549876967607,1780.0,forward
0.2405840755279929,1.4274848650131167,1780.0,forward
0.20597780709500846,1.321993119676722,1780.0,forward
0.1717117241781044,1.2380064341775292,1780.0,forward
0.14491544580256557,1.1809387138170953,1780.0,forward
0.12494628209035509,1.1418827564807401,1780.0,forward
0.11042294844588157,1.114959461800861,1780.0,forward
0.1,1.0962953591373927,1780.0,forward
0.08940875679718088,1.0778375222847685,1780.0,backward
0.07406716642543418,1.0519055628518654,1780.0,backward
0.051748745061417904,1.0156663585488273,1780.0,backward
0.01915062326577894,0.9653599608192844,1780.0,backward
0.0,0.9370115283222722,1780.0,backward
NaN,NaN,NaN,
0.2937431415564731,2.908057447281481,1800.0,forward
0.2973608680597833,2.811573744586818,1800.0,forward
0.30083657345098397,2.715642395629967,1800.0,forward
0.3041102493692747,2.620162535750739,1800.0,forward
0.307103850972075,2.525015986347629,1800.0,forward
0.3097150736406415,2.4300632503133035,1800.0,forward
0.3118085884526553,2.335138432529086,1800.0,forward
0.3132035494443398,2.240042905595866,1800.0,forward
0.31365560676335136,2.144537725469866,1800.0,forward
0.3128308713973249,2.0483354068915083,1800.0,forward
0.31026842738169047,1.9510933783221245,1800.0,forward
0.30532790385879327,1.852415896985714,1800.0,forward
0.2971224388822891,1.7518830633121867,1800.0,forward
0.284455274264214,1.6491525653312198,1800.0,forward
0.26583441825860493,1.5442250239573572,1800.0,forward
0.2397458170138249,1.4379313802148084,1800.0,forward
0.20538931378222014,1.3324484183947563,1800.0,forward
0.17134901715076672,1.2483897066438905,1800.0,forward
0.14470553139409492,1.1912336879391392,1800.0,forward
0.12483650891895011,1.1521022430743753,1800.0,forward
0.1103791172261517,1.1251212474140224,1800.0,forward
0.1,1.1064164726200507,1800.0,forward
0.08945116090835671,1.087914320519105,1800.0,backward
0.07416595259946475,1.061919716520703,1800.0,backward
0.05192096674044321,1.0255903402219255,1800.0,backward
0.01941438767711232,0.9751566611359125,1800.0,backward
0.0,0.9462818941116565,1800.0,backward
NaN,NaN,NaN,
0.2933222035847446,2.9188412429240476,1820.0,forward
0.2968964680940206,2.8223232816679937,1820.0,forward
0.30032495165917855,2.726350631925345,1820.0,forward
0.30354740714802103,2.6308231847968244,1820.0,forward
0.30648560435772343,2.5356237153134558,1820.0,forward
0.3090371620174461,2.4406139505083013,1820.0,forward
0.3110668773546084,2.345629595706211,1820.0,forward
0.31239439368240135,2.250474154284348,1820.0,forward
0.3127764876575905,2.1549115652654263,1820.0,forward
0.3118815033615904,2.0586582875552857,1820.0,forward
0.3092526623894762,1.9613771436802652,1820.0,forward
0.30425695107446793,1.8626795838266537,1820.0,forward
0.2960200561534435,1.7621544496363861,1820.0,forward
0.2833650747456051,1.6594670006010586,1820.0,forward
0.2648261989763011,1.5546145629733095,1820.0,forward
0.238909239923502,1.4483955004881246,1820.0,forward
0.2048003068781615,1.3429220131304924,1820.0,forward
0.17098497249343114,1.2587934036562838,1820.0,forward
0.14449440136058636,1.2015507043637728,1820.0,forward
0.12472589184125113,1.1623447502415405,1820.0,forward
0.11033481165246484,1.1353066279716413,1820.0,forward
0.1,1.1165600400698543,1820.0,forward
0.08949351530949419,1.0980149986489713,1820.0,backward
0.07426517053790052,1.0719580608037942,1820.0,backward
0.05209432843002621,1.0355387641091474,1820.0,backward
0.019680293875016134,0.9849778435465123,1820.0,backward
0.0,0.9555684587728968,1820.0,backward
NaN,NaN,NaN,
0.2928944100049334,2.9296599283649227,1840.0,forward
0.2964254360193097,2.8331060471805922,1840.0,forward
0.2998069870369772,2.7370906399878137,1840.0,forward
0.302978590191168,2.641514349532488,1840.0,forward
0.30586184551155443,2.546260898595868,1840.0,forward
0.3083543134533702,2.4511932296479606,1840.0,forward
0.31032093842995484,2.356148634972288,1840.0,forward
0.3115818756936991,2.2609327270584187,1840.0,forward
0.31189504957739655,2.165312292099337,1840.0,forward
0.3109310491669765,2.0690076724901454,1840.0,forward
0.3082372186519878,1.9716869818515832,1840.0,forward
0.30318782236155184,1.872968692123856,1840.0,forward
0.294920881491156,1.7724501268639183,1840.0,forward
0.2822789028498217,1.6698038382797107,1840.0,forward
0.2638216154022116,1.5650239748053143,1840.0,forward
0.23807445461763058,1.4588776326576505,1840.0,forward
0.204210939763795,1.3534142507527955,1840.0,forward
0.17061973634586783,1.269217813133233,1840.0,forward
0.14428218584937338,1.211890031534843,1840.0,forward
0.12461455040045923,1.1726105442623243,1840.0,forward
0.11029014196566186,1.1455158661642275,1840.0,forward
0.1,1.126727570064554,1840.0,forward
0.0895361540651947,1.1081402226434351,1840.0,backward
0.07436515407123337,1.0820212573053045,1840.0,backward
0.05226917042220041,1.0455122944902677,1840.0,backward
0.01994869459568597,0.9948241755094949,1840.0,backward
0.0,0.9648712365475935,1840.0,backward
NaN,NaN,NaN,
0.29245985351784604,2.9405134075700134,1860.0,forward
0.2959478675947778,2.843922017670513,1860.0,forward
0.29928277807512726,2.7478624628835937,1860.0,forward
0.3024038992294592,2.6522361335658307,1860.0,forward
0.30523267668237986,2.5569276944884014,1860.0,forward
0.3076666306759416,2.4618012949760884,1860.0,forward
0.3095708734125659,2.366695800984987,1860.0,forward
0.31076609417524936,2.2714189127477336,1860.0,forward
0.311011385430421,2.1757402282748157,1860.0,forward
0.3099795924407626,2.0793839138688597,1860.0,forward
0.3072221666331389,1.982023273567592,1860.0,forward
0.30212057226867256,1.8832836347374222,1860.0,forward
0.2938249562986865,1.7827705527600255,1860.0,forward
0.2811968045055112,1.6801636057110207,1860.0,forward
0.26282075890049833,1.575453873724583,1860.0,forward
0.2372416364795741,1.4693784290283318,1860.0,forward
0.2036214492282975,1.3639257233012145,1860.0,forward
0.17025355325172198,1.2796634626313843,1860.0,forward
0.14406912235212752,1.2222521712373466,1860.0,forward
0.12450271677302863,1.1829001198253828,1860.0,forward
0.11024533542588519,1.1557494515260425,1860.0,forward
0.1,1.1369201985500985,1860.0,forward
0.08957916216222847,1.1182902375318982,1860.0,backward
0.07446598405460154,1.09210955478499,1860.0,backward
0.05244557391171424,1.0555111916552138,1860.0,backward
0.02021967637179355,1.0046959323041607,1860.0,backward
0.0,0.9741902445291644,1860.0,backward
NaN,NaN,NaN,
0.2920186584717779,2.9514007662096007,1880.0,forward
0.2954638890478076,2.854770352811431,1880.0,forward
0.2987524520843022,2.7586653276657493,1880.0,forward
0.30182346156040535,2.662987824673556,1880.0,forward
0.304598223650163,2.567623444766476,1880.0,forward
0.3069742358859257,2.472437535480967,1880.0,forward
0.308816798106338,2.377270523085427,1880.0,forward
0.30994715469983924,2.2819321741734027,1880.0,forward
0.31012558539970914,2.1861948633805564,1880.0,forward
0.30902720120476995,2.0897865219922447,1880.0,forward
0.30620754381223625,1.9923855455872233,1880.0,forward
0.30105519872770137,1.8936239549778913,1880.0,forward
0.2927322330063359,1.7931152962171755,1880.0,forward
0.2801186923246111,1.6905459191132561,1880.0,forward
0.261823528317597,1.585903942608336,1880.0,forward
0.23641069678511334,1.4798976046361092,1880.0,forward
0.2030317352235126,1.3744561032806517,1880.0,forward
0.16988627785382987,1.2901299880208588,1880.0,forward
0.14385502634057967,1.2326367571077317,1880.0,forward
0.12439018133244484,1.1932131210160548,1880.0,forward
0.11020016986321766,1.1660070445710486,1880.0,forward
0.1,1.1471369800423876,1880.0,forward
0.08962245245987646,1.1284649902790174,1880.0,backward
0.07456757015952695,1.1022229162822628,1880.0,backward
0.0526234443637868,1.065535436228206,1880.0,backward
0.020493144697557676,1.0145931177698855,1880.0,backward
0.0,0.9835255024845425,1880.0,backward
NaN,NaN,NaN,
0.29157092769997783,2.9623217008018377,1900.0,forward
0.29497360574600856,2.865650816133799,1900.0,forward
0.29821611648518676,2.76949905905712,1900.0,forward
0.301237385971535,2.673769302982411,1900.0,forward
0.30395859560046873,2.57834807923591,1900.0,forward
0.30627723731407835,2.4831019249774826,1900.0,forward
0.3080588179145959,2.3878728135363843,1900.0,forward
0.309125157285144,2.292472556674548,1900.0,forward
0.3092377406979434,2.196676270876435,1900.0,forward
0.30807395349642674,2.1002155944395735,1900.0,forward
0.30519340998668526,2.0027739176673474,1900.0,forward
0.29999173885884045,1.9039897973185607,1900.0,forward
0.2916427261832927,1.8034845374838455,1900.0,forward
0.27904457144734246,1.700951016699574,1900.0,forward
0.2608299532283371,1.5963744946471066,1900.0,forward
0.23558172273901842,1.4904355079564706,1900.0,forward
0.2024419226025764,1.3850056888702063,1900.0,forward
0.16951802699348725,1.3006176332231556,1900.0,forward
0.14363999767789917,1.2430440141655956,1900.0,forward
0.12427703213195262,1.2035497706855418,1900.0,forward
0.11015472569973654,1.1762888694791471,1900.0,forward
0.1,1.1573783504282025,1900.0,forward
0.08966604907780329,1.1386646262911666,1900.0,backward
0.07466993225163861,1.1123614948261102,1900.0,backward
0.05280279997302513,1.0755851948353519,1900.0,backward
0.02076912080861646,1.0245159166460795,1900.0,backward
0.0,0.9928770326896506,1900.0,backward
NaN,NaN,NaN,
0.2911167687900651,2.9732758050895787,1920.0,forward
0.2944771275562973,2.876563065895368,1920.0,forward
0.297673882868514,2.7803633741073583,1920.0,forward
0.3006457849965831,2.6845803386370495,1920.0,forward
0.30331390492275917,2.5891014154509633,1920.0,forward
0.30557574570071616,2.49379432279108,1920.0,forward
0.3072970398621388,2.398502567844811,1920.0,forward
0.3083002024327284,2.303039986504383,1920.0,forward
0.308347941562481,2.207184402678549,1920.0,forward
0.30711992449079967,2.110671104547473,1920.0,forward
0.3041798196283364,2.013188382322158,1920.0,forward
0.2989302211683839,1.9143811754816464,1920.0,forward
0.2905564372040148,1.813878321717742,1920.0,forward
0.2779744270378322,1.7113789960838335,1920.0,forward
0.2598400330785302,1.60686569677134,1920.0,forward
0.2347547586375481,1.5009923398304585,1920.0,forward
0.2018520817144057,1.3955746354060587,1920.0,forward
0.16914885534501536,1.3111265043515687,1920.0,forward
0.1434240692713109,1.2534740330050167,1920.0,forward
0.12416328713733642,1.2139101596584194,1920.0,forward
0.1101090119347226,1.1865950214878527,1920.0,forward
0.1,1.1676443856551777,1920.0,forward
0.08970994331377807,1.1488892364651377,1920.0,backward
0.0747730572070843,1.1225253908493227,1920.0,backward
0.0529836248601112,1.08566058262028,1920.0,backward
0.021047590617308137,1.0344644638680562,1920.0,backward
0.0,1.002244859777135,1920.0,backward
NaN,NaN,NaN,
0.29065629742876226,2.9842624608200974,1940.0,forward
0.29397457201132166,2.8875065466019594,1940.0,forward
0.29712586992153006,2.7912577743594524,1940.0,forward
0.3000487775247235,2.6954204844801044,1940.0,forward
0.3026642694017407,2.5998830517978626,1940.0,forward
0.30486987594238113,2.5045143670571495,1940.0,forward
0.30653157353137117,2.409159458109861,1940.0,forward
0.30747239113600394,2.3136341639882367,1940.0,forward
0.30745627604197057,2.2177189818771663,1940.0,forward
0.3061651836814923,2.1211527934311256,1940.0,forward
0.3031668169361254,2.0236286958036,1940.0,forward
0.2978706577723513,1.9247978620124313,1940.0,forward
0.28947334271711156,1.8242964468304033,1940.0,forward
0.27690820783697545,1.7218297002368481,1940.0,forward
0.2588537144990349,1.6173774539010695,1940.0,forward
0.23392977562485784,1.511568036729504,1940.0,forward
0.20126218977628524,1.4061628394048695,1940.0,forward
0.16877871014173135,1.3216564561756081,1940.0,forward
0.14320715760083028,1.2639266586942388,1940.0,forward
0.12404884211414272,1.2242941375805203,1940.0,forward
0.11006291319199295,1.1969253608616472,1940.0,forward
0.1,1.1779346734851022,1940.0,forward
0.08975408932413137,1.1591388473706843,1940.0,backward
0.07487689527023907,1.132714643964673,1940.0,backward
0.05316586525271047,1.095761655156983,1940.0,backward
0.021328500670232182,1.044438836689501,1940.0,backward
0.0,1.0116290105953298,1940.0,backward
NaN,NaN,NaN,
0.29018959660724714,2.995282002248128,1960.0,forward
0.29346602520847564,2.8984816470682357,1960.0,forward
0.2965721666710028,2.8021826985277336,1960.0,forward
0.2994464552222884,2.7062902245732494,1960.0,forward
0.30200978289665587,2.610693513277435,1960.0,forward
0.30415972343000164,2.515262619497085,1960.0,forward
0.30576251490092615,2.4198440787851148,1960.0,forward
0.3066418186624267,2.324255712712158,1960.0,forward
0.3065628370008807,2.2282806581927135,1960.0,forward
0.30520981953854326,2.13166133513364,1960.0,forward
0.3021544841930893,2.0340955568483614,1960.0,forward
0.2968131247116057,1.9352405850274945,1960.0,forward
0.28839351808285085,1.8347396824658244,1960.0,forward
0.2758460072370858,1.7323039612086477,1960.0,forward
0.25787114700927444,1.627910674656769,1960.0,forward
0.23310701724750582,1.5221635451676394,1960.0,forward
0.20067257192400964,1.416771197043478,1960.0,forward
0.16840794513892562,1.332208318338862,1960.0,forward
0.14298962156921474,1.2744026871017393,1960.0,forward
0.12393405724643122,1.2347024862032572,1960.0,forward
0.1100167866549288,1.2072806555589677,1960.0,forward
0.1,1.1882508840688015,1960.0,forward
0.08979861937535885,1.1694138109913066,1960.0,backward
0.07498157308791492,1.1429296047186668,1960.0,backward
0.05334964838010554,1.1058887725118094,1960.0,backward
0.021611983988516537,1.0544394083910174,1960.0,backward
0.0,1.021029514077898,1960.0,backward
NaN,NaN,NaN,
0.29295162103493233,2.9094873380930983,1980.0,forward
0.2960129069308895,2.8131371716012947,1980.0,forward
0.29883895050435433,2.7171886322120473,1980.0,forward
0.3013505746427802,2.621531915480546,1980.0,forward
0.3034454118272936,2.526038231840997,1980.0,forward
0.30498997885219986,2.4305556114456848,1980.0,forward
0.3058085868157804,2.3349038376726616,1980.0,forward
0.3056677074684356,2.238868653694132,1980.0,forward
0.3042538889214193,2.142195962879074,1980.0,forward
0.30114284236507155,2.0445882022324637,1980.0,forward
0.2957575980722334,1.9457085906534488,1980.0,forward
0.28731688573424763,1.8452072875065049,1980.0,forward
0.2747876944301135,1.7428010677073806,1980.0,forward
0.25689216258422815,1.6384646946409658,1980.0,forward
0.23228629651773963,1.5327782271840744,1980.0,forward
0.20008300395297968,1.427399041642665,1980.0,forward
0.16803627487707176,1.3427813983320602,1980.0,forward
0.14277112538713954,1.2849014286888412,1980.0,forward
0.12381856348987583,1.2451345300451333,1980.0,forward
0.10997024710483168,1.217660253629916,1980.0,forward
0.1,1.198591381700635,1980.0,forward
0.08984338093299934,1.1797139664972678,1980.0,backward
0.07508693449173458,1.1531701331515367,1980.0,backward
0.0535348106284772,1.116041814355672,1980.0,backward
0.0218978732448078,1.0644660856812442,1980.0,backward
0.0,1.0304464011227923,1980.0,backward
NaN,NaN,NaN,
0.29243145184843444,2.9205238365551307,2000.0,forward
0.2954481854008022,2.8241214563860395,2000.0,forward
0.2982263599694127,2.7281160117300667,2000.0,forward
0.30068674249886973,2.632398599974336,2000.0,forward
0.3027270393520216,2.5368415787151,2000.0,forward
0.3042140627142697,2.441294459779248,2000.0,forward
0.30497279035206354,2.345578967933656,2000.0,forward
0.30477097744111376,2.249483419654584,2000.0,forward
0.30329747443441757,2.152757148096807,2000.0,forward
0.30013196518175805,2.0551071300573325,2000.0,forward
0.29470413905348714,1.9562023942502333,2000.0,forward
0.28624349909245256,1.8556998120053863,2000.0,forward
0.2737333303224271,1.7533216234311828,2000.0,forward
0.25591686233184663,1.6490401849194463,2000.0,forward
0.23146778822872108,1.543412789015622,2000.0,forward
0.1994937235775751,1.4380470364705258,2000.0,forward
0.16766395343377186,1.353376300897931,2000.0,forward
0.1425519205605062,1.2954234596137488,2000.0,forward
0.12370260848720509,1.2555908347717188,2000.0,forward
0.1099235372580444,1.228064712465754,2000.0,forward
0.1,1.2089572795895056,2000.0,forward
0.08988844506417182,1.1900395613504249,2000.0,backward
0.07519304468716549,1.1634364791346632,2000.0,backward
0.05372141561674686,1.1262210421083372,2000.0,backward
0.022186235304432596,1.074519146342472,2000.0,backward
0.0,1.0398797044802106,2000.0,backward
